,address,quantity,percetages
0,0xF0a52f9daC28290F5CE1D54EFd74b71f824cD9F1,"199,900,000",19.9900
1,0xAd6D8a16522Fc023da5E349Da5f1708E715C6271,"130,638,357",13.0638
2,0x73D8bD54F7Cf5FAb43fE4Ef40A62D390644946Db,"59,387,368.19744961359843249",5.9392
3,0xAd224F5AC175725828BBBE1d59f56E769C14CaC7,"47,500,000",4.7500
4,0x4982085C9e2F89F2eCb8131Eca71aFAD896e89CB,"22,060,853.8235722152915424",2.2061
5,0x7654D09b4Ead2eB6119a974c74071942Cc56866C,"18,024,435.82122215101173694",1.8024
6,0xEf5276B4291Af759808B4289B757D57a37a31995,"10,000,000",1.0000
7,0xBFaA278d37420DA2cDA6650D867a575Cf667eF4d,"8,084,211.086384947857764508",0.8084
8,0xFDa52f34b457253259Ac75cce1c651241CBCF403,"7,802,276.617821582051980352",0.7802
9,0x5b2Db59d6120A9000A4Aa4259aA7aa47aE0638B9,"7,214,773.803706401500890679",0.7215
10,0xB235b9bd19b929d881c1D3fDA561EEEb140469c8,"6,450,908.450147658689850174",0.6451
11,0x90166B5795250FE7f0831E844121CC91799787e9,"4,086,782.167617591287003055",0.4087
12,0x0b79102476747751B82d551DfC43d06Ff74bb000,"3,215,877.55180413282345089",0.3216
13,0x3F0c6DB3e2729a8F676EaDC8c30Fd5a34c21cAdE,"3,051,942.858528949844996053",0.3052
14,0x6805E0a158596fc2b45664449505B3a565b82a7E,"2,800,000",0.2800
15,0x6888e153CcF88D9e98dc24e1e9C3B99A58558faD,"2,523,468.786588345912844746",0.2523
16,0x73469efA09686aFB5F335A9B4E8245b8fe9Ac1E8,"1,732,323.402382297626178344",0.1732
17,0xfEfea9427Bef554Cc572bC4E887a0b9642fd8f4E,"1,684,018.154199641678624317",0.1684
18,0xB05736fb148c34f9C18c3341863a16A999e8B82C,"1,664,034.720769713449069279",0.1664
19,0xa1Dd9151875EFE9373DB15A5b96534c242403DEb,"1,599,000",0.1599
20,0xB78695dF906b2779De82Fe34BeA98c53CBa017da,"1,467,100.558788760231163087",0.1467
21,0x52449C04550CC59E4fCE6cC39BebeFC7e41680B4,"1,445,873.184276944297704829",0.1446
22,0x3159fc5eD978688b451C854895dC24d67E02Bab8,"1,306,000",0.1306
23,0xF8D4A4aee4d029171B89481f6FCE72F13ec9eD23,"1,304,093.50318082665268807",0.1304
24,0x758e83c114E36a28CA1f31C4d2ADB5Ec7c04C578,"1,273,520.884444039943041691",0.1274
25,0x6813cec8AE3B7b0F09D2Db373711B99a5E0a7349,"1,253,902.030263303630370891",0.1254
26,0x3e2b2cDC0AD8C5C945d1768Ea36db2a6F15bBefC,"1,188,997.704595228706130943",0.1189
27,0xe1Da4F798787E971B4458129F489DF4Ce5856c44,"1,186,392.347900675949960361",0.1186
28,0x1C926F8C7824aF9a6135FDBA68a300b144D76F22,"1,182,692.179819089333784456",0.1183
29,0x51f99B5259F13b47DbF1C62CD4FbBF9262d89455,"1,173,837.508571353196587899",0.1174
30,0xd8F49165098943d450a52BD58d1B5de0D60d9ffD,"1,165,288.797355056068398182",0.1165
31,0xb6105B42ed0BeBA02DC394bfd4CC18c53195499C,"1,131,053.322234538386351969",0.1131
32,0xAfBA765e49A4545569e955f6C4bABA12E427Bf64,"1,128,666.117543377340177155",0.1129
33,0x49D3142C09d27Cb478d74326e93baf929832Af7b,"1,125,525.217153171926683172",0.1126
34,0x9f63db22d8bdB8EC90cC6370229B1be6Df9f4444,"1,040,164.807908924344401982",0.1040
35,0x7FB615fC9D0DB8Faaa8916883F6dFE089BbF72Ab,"1,021,690.990136401013065665",0.1022
36,0xE9755DEf636fe3a6Fa28a59421616B144a772Ae1,"1,015,179.284268949958077231",0.1015
37,0x97466Fd4bE6756dD4e64532DEE674ce10a31f8F2,"1,000,000.000000328697972469",0.1000
38,0xCeEbc4CF5421984b78c0Df39CDd29493cF99d3E3,"1,000,000",0.1000
39,0x16c0219762745f6D8DA180cD5a27Ad89e417d27c,"1,000,000",0.1000
40,0x236C4f8FE346a59E6931E11aF0340284d5cC1cFE,"949,232.647408394796641588",0.0949
41,0x4Ff1D40fb7B56665bf95D8D8e3A5320dE46709A1,"939,771.399790825030658763",0.0940
42,0xfc198fF4d6f21fFD5c32b1c503c5E41F4D77ba6e,"939,111.033729678171814118",0.0939
43,0xb01F8f528702d411d24c9bB8Cc0e2ffF779ec013,"919,727.964207118387111351",0.0920
44,0xFd7C1356053E58C2c9fDa25B317A2B14d4C2c6dF,"912,480.539808836815620211",0.0912
45,0x5e7320Fd90F28D154adbf2a9381e2CddA6c6579a,"895,542.196048178211915172",0.0896
46,0x35a72a37399feBA5841977cDF7f75E5487f574fA,"855,776.414656272328002871",0.0856
47,0x6aa065A9b4408c054b8DcC24bAD1049C8E318722,"855,436.473809116971641839",0.0855
48,0x3742E43683A70521Edc258c26ce072F18a541C82,"807,056.739917747876864234",0.0807
49,0x027cE50202f79Fc0daDE19F36c8f7E0e2799d4Ca,"800,000.02285240549759979",0.0800
50,0xbd6B8D8fA94f7307840252548549b56a33c98054,"798,952.317135831395495775",0.0799
51,0x5634fD1B1C68E1332CC52Fd622Fb9399B0DD4bc5,"792,662.669196723487882174",0.0793
52,0x4BEa2709A40bB57241F6BC1448c85290F345d657,"770,580.271298239606188215",0.0771
53,0x25471e7D834ADe9B9E156224C3A6Cf61D86416E3,"747,521.539393822522056316",0.0748
54,0x835A27CE401E19199DFbF777AaA6B8F435c59003,"738,428.274436001002890467",0.0738
55,0xAD63B58684Fa4C93CF3E460604D5b60d550d0229,"725,871.848127745821647647",0.0726
56,0x0bea4dBBB144b533713Ed61a55E6b86CE3b4668d,"719,816.369969176825724451",0.0720
57,0x1e07c233341012327Ba02455a1DEDC45f2B499D6,"709,386.798206702610411294",0.0709
58,0xa3e242ebb8dFe3283b7ea5E41CB330c4A716FFa6,"707,945.872207313148007074",0.0708
59,0xdAF5ffEf089B97978448aCC8B4cDe5AF28D8BF47,"704,392.565931451188702775",0.0704
60,0x883F12a0a62bfb510A1E17Bf9864592D85513aD6,"689,915.968149666248432328",0.0690
61,0xb733109faB29787268d504ce65E31892fAB20262,"687,815.744326747834607883",0.0688
62,0x452025359d8469008c092f361e530FC663AcBe92,"678,970.461866982491456667",0.0679
63,0x6503993E2188eA0E8625d862104598aFD8A72048,"659,543.052380430791976785",0.0660
64,0x641623c72bE676a0024505EF72631796792C8A0b,"625,709.37761612176530584",0.0626
65,0xA73072adc6c34859426FcC29BC6Ca2cAC07c93c3,"614,328.382195786986704064",0.0614
66,0x42407FB33b3487fd7b644d84F35818a63e22b03c,"612,243.663802970719870698",0.0612
67,0xbB2DF84755CfF066E3BbE81566388bEbeAE5a7B5,"606,978.863239385008548883",0.0607
68,0x45FF79e6154B77f2F5b18804967D522E161B8486,"605,286.293458725848830464",0.0605
69,0x2dBFCBb0db05D2286E8C1b19138f0B436696a75e,"597,303.46653891136534599",0.0597
70,0x5b0051e4EA8Eaf6Ec523aB2Aa76fe0149E68B040,"593,511.428904801151224512",0.0594
71,0x902ABfDE086583067D2854E36fE1034eC9079BB8,"584,166.379069774379390507",0.0584
72,0x04A3a5e85212095175e276506885f28cb9c8aD48,"581,321.807543058082170282",0.0581
73,0x5d00A0Bc72C01806E74F20A3c4643282d2b70276,"564,128.424258714252144546",0.0564
74,0x518D9643160cFd6FE469BFBd3BA66fC8035a68a3,"550,530.880929762922237487",0.0551
75,0xCd7181FEb15bcB1EB189FD47266E85b71B9ad1eA,"540,002.884887330415698128",0.0540
76,0x507b26C5ABd7559DBD85046009310AD111C83E24,"538,125.480527433320887686",0.0538
77,0x0bF232b1D8Fd59dcf36C5481c0Bb0553Df18cdfC,"528,234.308262516958318075",0.0528
78,0xC4bA8F21C0dd755CfEfF899c4F791C634cA5c6db,"527,221.518045550985201402",0.0527
79,0x3263B6d70B8D10d7eD96D5F0c3457e409B6C05Ba,"522,575.036608217166138448",0.0523
80,0x2fE4093c894749e596f458764c377bF4f1337b58,"516,361.508973748557980904",0.0516
81,0xb8bd3e34E33541ccA1571C3e55E337a09A3225C0,"509,765.283081689252618349",0.0510
82,0x0D2DFA79BDa0D65bcB54544218a15B8869fAd2d2,"508,450.825661841960880127",0.0508
83,0x313b5DA9Edec4445910E2c129Fb462e025AFA6d0,"504,474.847635488324608497",0.0504
84,0x860E468Ca7716Dfa0dEB4FC84459A74b3974E5C5,"503,780.643039355205106399",0.0504
85,0x096eA0499fD9f2D036Bc1bd834AFDE011D320000,"501,602.896096179469779209",0.0502
86,0x9B91fF4C7c4984DBfA9299282Cd3af9C37cE1F73,"501,027.77951467497989767",0.0501
87,0x371966bA71A366006FD2eC1d140AA8cdb0f945DC,"500,000.734998871590826407",0.0500
88,0x61D2799799aFC6a29FD9E7139912E3582349e235,"500,000",0.0500
89,0x100000dfeb6b14e6775738F7656cB457d65f28E3,"492,884.269187197437991695",0.0493
90,0xF258Cf3Dd0021EbaA1C6565c5E70D261db3C6D09,"490,945.675099715853646221",0.0491
91,0xBF9859c3Fa82Bf3D88e8A6168FAAEc0713280567,"487,340.660305791471724689",0.0487
92,0xf92f6f02061a60D77Ed050491478675a630d3121,"483,865.533870500229817035",0.0484
93,0x605756De19EFbB84ca152d397272C3C6D6bf6E33,"480,183.266869357830901681",0.0480
94,0x9f6feD26339789725b0751F57aEAc23367CeEE57,"467,043.845722957658654491",0.0467
95,0xC3615D81783c894d034D7294F3d4B98189Ee7d2d,"466,143.495921157201653031",0.0466
96,0xf74e5155E6553e06a43b14C280e925758D0ba878,"463,731.231762104286305772",0.0464
97,0xE01acDE80954398e2E61e3Da7a5E4d675FC7749d,"462,942.635560896446835203",0.0463
98,0xD9D128101A43f0552665bB00566069e847d4d2CE,"456,624.247824103982016189",0.0457
99,0xAd89368009BdbAB92d2a631D04dE15CA8a3B2eA4,"453,964.672480611822420674",0.0454
100,0xd2560bDC94d35f03F96c462fa784bAE001759e23,"453,653.899898174446392938",0.0454
101,0x9eb42F017E793512e4734f8785DE605c4cB3A24E,"449,826.432297888316488041",0.0450
102,0x6774C393031739b66D06583292363dFAd128E598,"448,675.547820473074423191",0.0449
103,0x902D05757a8A9dE08A615E60cFC09965217f7B28,"434,472.115608036908022896",0.0434
104,0x729fbaEC0Cc77Eb31E2115D8760B16a5A8e61A1F,"434,384.320411524688117883",0.0434
105,0x94243F79880C9E9F68e77BaD5786d7Ed52A5BCb1,"432,153.370861178263274202",0.0432
106,0x7aF88c5eA1b6947433D94c26e064A19288890D5e,"430,643.786510168145274486",0.0431
107,0x7623FFBCE77efD9d66ca13835dbEEfEA2379b195,"428,690.218915692251473138",0.0429
108,0x93d1b2E79D0f391D8Bb2382A977a2E3A7d130901,"425,054.233618540756295725",0.0425
109,0x148c67aCE132281d83a7BC72eafFb884CECf2f56,"419,173.406455787557327301",0.0419
110,0xD27f76c5a7367d12Dd29aF36479A75b12e1eDD58,"416,132.740933513923904393",0.0416
111,0x87D82508A2f0Ef34069Ad535BD634Cf535Bb01C6,"412,798.835620231461733095",0.0413
112,0x736841752C5380187Ba8a520ab4b60347F311200,"412,038.263299347196239866",0.0412
113,0x5E6aE23643749280ABdE5Aa6a60ef2e6Ddfa7667,"407,663.587727976065209673",0.0408
114,0x6104dDd54c4869b6297b5C177EB6C3C4Fc5213e6,"403,749.140266503261231837",0.0404
115,0x6827D58147523c36E6faEC356477E388fCf39d92,"400,000",0.0400
116,0x22E208CC36F43A334F415FaAB797eE5c9d61AAFe,"400,000",0.0400
117,0x5C6Cd93855695f04bb72102d9fc4904166C5C15a,"399,607.403516029626118405",0.0400
118,0xeBc7a582C4CbF1a8aF96992e95f2784341e3D19F,"398,054.233163209979",0.0398
119,0x080c5F26424AC0d5B454f5d39869baa8B7E9BBcb,"395,935.051923455270342206",0.0396
120,0x6cD520c1A07c9B53b33d62d04D3c2a3175161968,"395,000.000000313967401686",0.0395
121,0xBf26925f736E90E1715ce4E04cD9c289dD1bc002,"394,959.908073037949044532",0.0395
122,0x8f612291Ed62079eD75dbB32503F2adc6e57bB8F,"393,213.37903041320101817",0.0393
123,0xF3667880b88D1bC08456eF5E1AFeC6a94c764BdC,"393,189.134847857176339326",0.0393
124,0x27661dDa1FCb28835574fE39401F1E175B7Cc2D1,"382,580.740249281495712694",0.0383
125,0x5401890994A841c7a879b138Db3Aec14a7692918,"378,000",0.0378
126,0xafeEcF2DeF92819dF55428B144bf41319b8aDf5e,"375,027.402329835092243559",0.0375
127,0x2BDF1a698d39A4358e2C162dEacc038FAdb8A9d5,"371,328.499514342660863208",0.0371
128,0xe6F74bDbD5476Ebc8B15FA7Ad34A6fFA3018d01D,"367,006.976398604686607866",0.0367
129,0xF6593971D6b30F7B3fa1Fad45608a6601Eb4372F,"366,588.286946716215493953",0.0367
130,0x427070e33d630B0476BedBA5d53Db224913eB946,"365,824.162268076138537303",0.0366
131,0x2867CDeB13957cBfEc4f1F21D7b07Eea07Dab6F8,"362,852.398752430525826595",0.0363
132,0xB6E724A03cc3fDb581F4480f7678FB8079b63dA4,"362,613.560018170423602392",0.0363
133,0xcBAd6Fc386EC3696562AA674e1FA33d2b41D8a66,"360,134.78292749245105809",0.0360
134,0xE071fDbFF8447715a890C590c0e2A6cBF8E5eD5B,"359,984.590358645334111712",0.0360
135,0x26dc5F2479D4973C8b448a51375Ce27b3eA7B5b1,"354,156.292236955860580407",0.0354
136,0xC04f39444b44716fd98F3782EFaD400Fe2711b3D,"351,973.27703982403827236",0.0352
137,0xF53eE93A774aA44eCb195C206Af4b9c94E7e5bE5,"351,821.008744135017104755",0.0352
138,0xb935580f229916253633cfa7088a2d988E516929,"350,000.00000073430872941",0.0350
139,0x7A180d0B8C50CCAed2524ff2895C8E08be615c05,"350,000.000000507054068816",0.0350
140,0xA6aDB0981a016666471d269F4d9D16026c2aA120,"350,000.000000504727224796",0.0350
141,0x580387470AaDD10CB6DaCc98A6fF76B143822e23,"342,212.769264381108396261",0.0342
142,0x622013f79A0A5F1285bB7c2077B7F6b60660A442,"333,739.862099819437969781",0.0334
143,0x0B2f915dE4c8Bf199C89B291A85cFD882EC4155b,"333,168.939187260522170687",0.0333
144,0x491003c5c5984cdFDBA56AD183Df8D1C2efBAD4E,"332,795.067690845225125601",0.0333
145,0x641EA39410a28F3D035fbCD3758aB04789f88750,"330,400.324065348750455064",0.0330
146,0xddD96e4FBAb0c05748Dfb68F9BaF966d838aaC67,"327,162.792980049151782533",0.0327
147,0x4c109221cD2d8E871E31c4D094d55f4088ad2603,"327,131.842473215664477815",0.0327
148,0xB2C0D8682dcB5F5042443d9d74581aa38e184d54,"325,543.771256727898991492",0.0326
149,0xE89853f4fc2a17B9a5e176b215a309a27B378B5A,"313,221.259926534392750494",0.0313
150,0x7e73cCc793e2448C4510249E71De9aEe4442D7dD,"311,472.986109302478401345",0.0311
151,0xD47044Bbf35c26f419404794a67516A7C53ca549,"311,077.787628409049678537",0.0311
152,0xA9BbC87BA4aB1460ac2e447113172a2643106BCB,"309,569.967546948185221727",0.0310
153,0xC32b06953045e078E0Ddd4C9e60CfEf656f9DAB9,"305,901.810424316424180105",0.0306
154,0xA1eAEbB9A2a9B0FfF379EFb8392D0cfD84673C6f,"305,068.004451688581794595",0.0305
155,0xD2D4867b8886C0cfC3DE5CcD5203EC66C6183764,"301,619.619366539889448356",0.0302
156,0x96CBB5e3c769a6e23b06d01Ba89d394e9aE5CB03,"301,563.171490284307314961",0.0302
157,0xDdBcDf710C21219dc5E56A6E1e8576FB4AA99d96,"300,000",0.0300
158,0x5609BD21a9C648345667e7af2fF8635B0A78Bd9a,"299,453.148169006379998706",0.0299
159,0x7f14D9F324ecCef0862F7590c19006Ff5F25146d,"298,437.844489963895952111",0.0298
160,0x3fEb837d02bDBE6f190DFFDE057ff80F77138f23,"298,399.718293764571242165",0.0298
161,0x1478078D85bE4F4bC4E970b2552077eA1c7B7223,"298,321.106306445218460364",0.0298
162,0x2Fc9478c3858733b6e9b87458D71044A2071a300,"295,275.229873649540176109",0.0295
163,0x2bF8F06adC558fb713fA2CCC221c9BCc72DbF75d,"294,787.827047038860098815",0.0295
164,0x4C5bD0257b2DBefFA40398C6794A5EB638A992cD,"293,453.444820018923053365",0.0293
165,0xCdB7241277ae9904DA4DBdc8FE4f58C955cA353A,"286,850.610621890678728351",0.0287
166,0xA1d5e7408b6744FA45a488A3C2a179C2E2688685,"286,474.217953954862640893",0.0286
167,0x95a104c16b94CA52B6c9069D82A13ca3F0c57607,"283,043.958287857181618127",0.0283
168,0x2417D60eAD0CD3ae36000F333A62E359cF4964b9,"282,291.158966927609556858",0.0282
169,0x5fDdAF29681F3aCD3ee5D88Ef150F066b4db9890,"280,354.895395652176172476",0.0280
170,0xCCb16263985566e2c508010F70c53e296C526f85,"274,669.999999999990562816",0.0275
171,0x22C887dac32491E4c5b9FA05EF95fBc648207EC7,"274,446.217422096921000207",0.0274
172,0x16b361681E7A8d1bFeCBC88f3F087b6dB40b2260,"274,020.904661702007518764",0.0274
173,0xC6E6Bb5Ab95D09dE5F247eAC3552dB8B1eB573d7,"271,320.727152129964561303",0.0271
174,0xf0EAfcf288a11B8b33371Ace3Ce2B306e572f01E,"269,055",0.0269
175,0xD053e25Ab7c8AbB38D6bb3e8abB81744255eF4fB,"264,136.2982819763626949",0.0264
176,0x4a2c52665584A92fE1A4415fCefE88F2Cf9E2381,"257,397.49385299202935685",0.0257
177,0x3Daac60407D549f59aEf8Ac5BdC3d7a4142d17E3,"256,880.962315136494638321",0.0257
178,0x73E68EEC54EEcAbfC50F417eBDc9f3Ac7dE0158d,"256,684.830334743969283176",0.0257
179,0xdd8156B4160DDA57aE32888726f29e863b5eA7D8,"255,201.954824951974226123",0.0255
180,0xBe4b6e51a0f80369d0569652CE6bc426cAf321d6,"253,732.359011003246161763",0.0254
181,0x03E3fd5638D4085e7787624e5dC89F16017dcB59,"251,423.066828482812253399",0.0251
182,0xf98B598fD41d0FcC815D9577e04d947fA6d78Ae0,"250,000",0.0250
183,0x09083D49Ee1EF20A313E1ac08b5Da72A09637C7c,"243,873.99695174025035367",0.0244
184,0x3fb4D41b7c1E9aD85636D8c809F68731346cBE00,"241,178.21792514614919097",0.0241
185,0x82be41F811172d73051f1d577f8eF05F53899d82,"241,085.298213996949444984",0.0241
186,0x2F04ed87b5Ac8b703565469311341b0b44e315d7,"240,902.522768669311093631",0.0241
187,0xfdAf91747E73201d158A1dF7aF5546F64CB80451,"239,902.661095250371735006",0.0240
188,0x802B00FcCbdE6863144171d612Bb135C5BDB030A,"237,825.345251012641801679",0.0238
189,0xDBDD68fce49e8BAE47c87Afb5488c382ec1cfc92,"237,648.128135349870151714",0.0238
190,0x634B09A0Ed8b0F2F79Dc042ACc726911aDEf2461,"237,187.861086984062397012",0.0237
191,0xbdfB0fBBf2B7Dca3CB0A557E0160856CaF679E67,"236,659.413539531695489983",0.0237
192,0x5cfD4E2C982A66B32120E43B016F29c21CBe9b7b,"235,484.4601917876243138",0.0235
193,0x0c034cF2050a18e6004EB16F106D19116091417a,"234,122.840009962302135537",0.0234
194,0xd91B3E957CB4f1736dDF5dEfCEca1AE53988bdbf,"232,868.168655975457292914",0.0233
195,0x89b50985B0F7DdbB68267a847de49ec867f4A6C8,"232,117.732208220020895939",0.0232
196,0x859bC5FE903dFe749FE3331512Ff7297D2E924f3,"231,941.012956908055084608",0.0232
197,0xFB774bCf2587d5A6286aeE5880D66214a42e1220,"231,231.304356118268476181",0.0231
198,0x5AaDB434293B4E1B8Fb2e84007e567506fe65a96,"230,866.346285205915138321",0.0231
199,0x65CF4Ecf9A71b4c9A5EafF0F6787095F3e3CebD9,"230,541.598636231010606901",0.0231
200,0x618B085F579B7d98492FA689796c1a27454bfc6e,"230,000.000000008720963352",0.0230
201,0x6b86794e11CFB1D454D9b38aC5ab5Ee2d1f87434,"229,916.342846448331177568",0.0230
202,0x7Cc983F8a64cC39cf615140bd49f9eCAabdd05ce,"229,232.906505514279702734",0.0229
203,0xF3dc3FA59E7595e7436513120974b3B4763fB87C,"228,584.714101600507039143",0.0229
204,0xA621d96935CAa8161bB5982E8b600C9ca06Bb780,"227,013.599917170690388316",0.0227
205,0x1a016f1132cF8Dcb799E453628e0568F3d9dB99c,"225,694.248285039827702093",0.0226
206,0x4e7be9A8343f6Fac55e2F9554415A1E8eFaA3b07,"224,712.575724786301943556",0.0225
207,0x7ecad4a95B11ADc5AfB16d6D2300A45792c640Ad,"215,171.855820379060360045",0.0215
208,0xe3d505d2e248E12C93c35ae582501F7C7c2A3371,"215,111.68339179041781848",0.0215
209,0x643D377E28A96A7197Fee5f2F4BB1e591ce06132,"213,820.375900642932371098",0.0214
210,0x8D7811aC30446f62FA77AD63A11399784133F91F,"213,275.870158117684044049",0.0213
211,0x30428a743e2A2F8D1C3FEa017E0D76440435fA8d,"211,521.082261720084958237",0.0212
212,0xbb367e752d845657FaD52f3b256a8d71Ccf750B7,"210,642.451178004663896039",0.0211
213,0x6Bc1F8b813F474152FeF87b2098F0a141ffA8C44,"206,157.843438790552645497",0.0206
214,0x5F2f473c825064D301942862bA636147E869Df33,"202,446.500100740791433821",0.0202
215,0x1ed12E6033E0c6516cFe73Fc00b35004C81f60f9,"202,440.740606835927797868",0.0202
216,0x3956246C627cDCbD282C13dbD7B0F228F06364Ee,"201,375.960615051271886827",0.0201
217,0xFbBD17c3E7B609Dc70b622991e6253C833923E95,"200,777.189075171948032593",0.0201
218,0xaF9B245B0A1EfC3E94eB7ED5d09A841649712390,"200,197.666977425082375971",0.0200
219,0x76A63d6a03562fb8Ee494f6bb4Dbf923aCcD2951,"200,000.000000826030399207",0.0200
220,0xDB8966A44cC7c58bb6d799633d6c4c87b5469DA2,"200,000",0.0200
221,0x136D02dC8Af604a5f943BE670F826B6cd5B9B660,"199,463.746150414642342353",0.0199
222,0x058e637732fCd50e7ca190FD1AB125750Eba66AE,"197,119.198244060970143478",0.0197
223,0x3B22edd2eD9deDB04ca680270F21C29030388290,"196,916.009479568526238845",0.0197
224,0x5373955C56a629349005CD5eC94b631b6dCe5841,"195,893.066777268281933329",0.0196
225,0x205DdF4C32D2283851Bd68366CE78694606309C1,"195,130.203153359291459643",0.0195
226,0xfe5dCa4a7A23825B3a4951fa28bF8BFC4811109E,"193,494.312480996823183976",0.0193
227,0xdA171777B912dE6c1F87eD11b790513565b79De8,"192,676.005487109274219824",0.0193
228,0x249D7aC1A9d1D15b6Ec0338049bA102BC32b1C2e,"191,708.773202904606647522",0.0192
229,0xdC7937cD21d7BaFF6F1A78fc511994D2734e38B4,"191,555.901575247867037852",0.0192
230,0x88E57735cD545d696377720C566f55701305de61,"191,340.990466506770301741",0.0191
231,0xB619BAE19cB313448F70F086831Af9e9A8784A69,"190,784.237008397595973781",0.0191
232,0x936A0301C3aF70735cBA249d5F3a96559028f880,"190,059.940008347518635228",0.0190
233,0x151aE8DF9a65F494311C8a879dbcfF330C3ca346,"189,646.079010039810832795",0.0190
234,0xbD0Ff34224D1721BF9808565bF97D23F4590ddEE,"186,397.766671062857857401",0.0186
235,0xd95DbD432852Cb01F0890bB79c146B1b09CEb046,"185,569.119566528577862187",0.0186
236,0x6aBd3bC3cB2bdfea28A7bbb2387cef3462D3B83E,"185,070.29818039223104416",0.0185
237,0x89A4c4C617B3AEbB65151b9c231C49DAD45ebC3A,"182,948.219656451755932771",0.0183
238,0x3c5E271b984d0B19564c65eaD52D168bEA9258Fb,"182,458.149926891706281269",0.0182
239,0x16866eE52cB12509c7d888385d34499d9CAF685c,"181,371.464826178242613089",0.0181
240,0x8239b8b3E9515a64e2475F198E0d1b3947111191,"181,096.482531671667984606",0.0181
241,0x5C834d1132E3EEB3243dbAbFE15AC32A960344EE,"181,019.648129013850042214",0.0181
242,0x9786aad82D24852e53362e44906A42674524De2B,"180,994.146635990807916963",0.0181
243,0x5d0E3c514066a2621f5F240f2c989dE4FeFD048A,"178,944",0.0179
244,0x5BDb756BD460eFB44860c79a9BF54De77fe56420,"178,801.835493889085974074",0.0179
245,0xbb165400963D64db7e9D89758B4a21ccB2819B00,"177,880.598483678898963744",0.0178
246,0x2Ae3209a126974AB1aa7403C1C297bFD501256D9,"175,000.772880409944935304",0.0175
247,0x18D3d1BeB50BB1e0f7edD1a1189622a34CA7bB63,"174,407.322351308149833741",0.0174
248,0x40c2Eae8879e50e3f8d9BF1F3585d55f45f8D5a4,"173,007.103297908004568876",0.0173
249,0xB97A925d8027E8633c2aADd377260F9d0126F7f1,"171,367.774871291345916763",0.0171
250,0x5B169fc22d129E2d386c0619d246C22568bc1a8d,"170,006.018566889003674911",0.0170
251,0x1e03fa0A2d55DA323B2A84Fa5e311e401065d2aa,"170,000.000000494067973592",0.0170
252,0x932b30bF9CF189AA10710E2D2b9eE07ECe851572,"169,679.569915309126928552",0.0170
253,0x7666894f6232bC700E5C7DD107Fce55343D0dafB,"168,325.347825861442874138",0.0168
254,0x4a942EAe8bDEf1398278C152242baa5671838204,"167,721.063947076775052151",0.0168
255,0xDDf3E81abA8dA14C401Dbd2577ea81B8a8e29e11,"167,185.38783082709415349",0.0167
256,0x58D8467E348bD2872d1c39D5369201e6a394d1F0,"165,944.716076904203508304",0.0166
257,0xf4d430dD8EaA0412c802fFb450250cC8B6117895,"165,267.738168853221566564",0.0165
258,0x2325442c13a34286E227207e964fDC45959001F9,"162,792.521072185099244266",0.0163
259,0x85458a44fa58f3E9b0FbC463641a8d4f82c0039C,"162,299.424010423090001566",0.0162
260,0x94E1764eC70a8C7A92e2A90824f854684490De46,"160,465.440469652375809803",0.0160
261,0x74eFC368964ee7E8249F1EbAE962979957929B8C,"160,196.448017869938857753",0.0160
262,0x5e04FB9a06EE4913F910f452BE1E7e369D5BA2fB,"160,021.662727101787087452",0.0160
263,0xd56165586e50621ec5C54e9Cccb49a98E75Bc7ee,"158,568.382620977331930948",0.0159
264,0xF977ccA294e8Af916B95894C3F13B182e2aEa931,"158,542.626277325297034163",0.0159
265,0xEE737a2901A6F085Fb05314a92B44E46130b420A,"158,250.234435525348191374",0.0158
266,0xa5460BE1f8C462D11c9AD198B793dC5e5c177e0E,"158,109.578064277408900745",0.0158
267,0x548FeB42cB733e7e5656872e70C20f13149F839b,"157,993",0.0158
268,0x34C52C8568aAa74E2fF75eBE925ea63C64B1E5fE,"157,071.348556196045407053",0.0157
269,0x6A4f324a6667AC5d0dE89cA4B99fC6C28E1f709D,"155,552.863797210020398125",0.0156
270,0x8A1b5040c64139F9B278F3B393F1A367a2084bb1,"155,367.570458576513820297",0.0155
271,0xC05600Fb8fE40B5259B73CbD611b807E319D2102,"154,677.829037057445901577",0.0155
272,0xBe94d3d9B23086F14e91fc25869A65110F5D37d6,"154,319.777570301004423585",0.0154
273,0x05F983276ba915F60AFa7510F262851d8CDb992b,"153,519.795339752677379259",0.0154
274,0xEFB684c0d91a118eC08b54dFB96D6CcfDe37776D,"153,268.742298439415173093",0.0153
275,0x97A2Fe64Fbc036234680d80c21d8368E4945Bf06,"152,372.833986492886264285",0.0152
276,0x6d0BBe84eBa47434a0004fc65797B87eF1C913b7,"150,993.725096887780484109",0.0151
277,0x221643f93B34402FFA5CFA5d4BFc5fda5D110250,"150,000.00000015844458383",0.0150
278,0x600d7626356e3Ed14A40b2Cff0a3FC67146cd901,"149,851.965789273733614873",0.0150
279,0xbF016CCf042F6BBA524b246f7d90aAC0Ac83a656,"149,828.571106893282787738",0.0150
280,0xe9ca5757Aa58e3f852D8d6C20581FC4c39769549,"149,374.275422697377880076",0.0149
281,0x3d9A49724803ADd8f2dcb42130593bcb84A34766,"149,325.019043880604970817",0.0149
282,0x4c818E0055CBf199B15425c749f276dcbaf3Af3a,"148,881.042639179709468911",0.0149
283,0xC1Da2F79afB65a5afF3531D01d953A0BE3bf9503,"147,934.133118349989820069",0.0148
284,0x334a431c8032540e74E5CdC37BDec7d05197657e,"147,588.207757101925585952",0.0148
285,0xa00599107FfC6Ba1A5959Cb9eCdA5598b828cf20,"147,522.970260025431133487",0.0148
286,0xb5a1EbeA940086CD7a268fe67a1d7AA2D13A5096,"147,227.021396359270459531",0.0147
287,0xF683A5E74Dc0d57d7b4b42819bD595Eb71FDbFb6,"147,209.353240006728902266",0.0147
288,0xCcf85Ab5CE80502ec59B7A49B353DBE44FAee3Ee,"145,455.835089122849796969",0.0145
289,0x4eb532589E0603914bf542eC93c23FF1D2b03d1A,"145,397.766758851621614321",0.0145
290,0x4123Ffc81579e38dfFf74b75D8BdF21C41E62237,"144,621.562827863334223992",0.0145
291,0x123791770351Ccfcc96A3DBA2658fe4200a66584,"144,364.00064080395272576",0.0144
292,0x30eb4bCFcbfA26F703A876DF63e9d52D9f0aa8D1,"144,226.785581252490439066",0.0144
293,0x55C8D75b75E92781bc1d525B2E7Bab0f839C4411,"143,775.625808614550908368",0.0144
294,0x58C3c9123a11e263a78c40d2A14BA03c6b4B29b8,"142,369.06956849206646566",0.0142
295,0x4058f6E0386E557cAd315a6D6A21B9473e2fBc60,"141,627.706315398018890151",0.0142
296,0xD6144225e7F968B9A4bc239E34E890f7A9eA68bF,"140,803.654404602264789177",0.0141
297,0xC2978441F46a76c60e0cd59E986498b75a40572D,"139,543.801980061392400815",0.0140
298,0x156e49d4B9F3810ec3Dda4c88135c53698375409,"138,963.67871922536429546",0.0139
299,0x1985CB6f08252e4AA604741904Cc1c30DbEaa425,"138,369.047941776520157898",0.0138
300,0x980227e66eBde7B8787d88682D0002E5f8BE6040,"138,134.956092569875113716",0.0138
301,0x8C91713C6Ef9aF0b5A2406822bcdD92D6737c111,"137,710.039499925780982566",0.0138
302,0x6e3d6EC90Bfa6DE2A521D4066D2df2910202cDdc,"136,520.470588341939108396",0.0137
303,0x33F9D8552EA88624c8BE6b61f4b8d9DED759f5F3,"136,026.525240270875354674",0.0136
304,0x68F6e1Ba446134611cDBBCb11582dD39D3b62968,"134,778.334274934695269194",0.0135
305,0x3809d274a8624dE0a913370eD14349608a8F59f2,"134,503.802498039158223571",0.0135
306,0x6fD330D819eF9bC74aAd98bBeAa8ea02d1ab9FC4,"134,335.318167546624185901",0.0134
307,0x2a6B216c041A355B0995dDbA072832093d8295D9,"133,902.193843990015033528",0.0134
308,0x5eA18cac6f52034004a9cCcfF8BDF8C12FBfBaA6,"133,871.405528151176475056",0.0134
309,0xAbcf6ae6a9537548DDC72FbD0BB833Cc7c8362Fe,"132,466.948647880859196826",0.0132
310,0x5CEeF9fC8E04a685917B29C297037b60514b35FB,"131,449.345198859042052886",0.0131
311,0x1B950E98c668660c554CC86A80D4e22B7F747628,"130,820.324121550722089809",0.0131
312,0x3Ccc64EA0AbFB664cBe8d5C24cdB24416b278AB4,"130,000.000000244089618352",0.0130
313,0x979306226C69101AAC37686eF02fC9546939B7Ce,"129,785.604734494661889735",0.0130
314,0x9495c18E1B7e0b026F8Eef3d087d9822c2B70Da0,"129,064.46714442376300447",0.0129
315,0xcFb8eD0c5D45DfA31189bc05A5EC2BeaD29b8639,"127,701.389739438770834051",0.0128
316,0xa4a5cc8c29353f333D031F7DF7A717Ef86cAa7de,"125,607.578449143046815465",0.0126
317,0x478a4Dbb98A4DEB483E3e934E8937BF625273361,"125,494.072310449305708127",0.0125
318,0xF821D11fb81Cc1F3275903341A3ed2631F77E471,"124,655.984093891948439379",0.0125
319,0xA0EFAfCE355b0D6D1741A9d753D2B49ea1BC73a6,"124,501.574991355149623586",0.0125
320,0x3C85E4E495351FdE5730908e17AE00a30D05e2C9,"124,293.783047003252665909",0.0124
321,0xa6eEB5EFa5d8CB64Ab6e14A951d97c0E77D83d9a,"122,505.264771504701003961",0.0123
322,0x0D0F2C585F205200F5F91f47359C613A4bd99008,"122,275.963571735467820516",0.0122
323,0x7Dcbb18f6582b73E5c7D0816E0E41BECe08debf9,"121,217.763204177240887076",0.0121
324,0xFE5e4b7A1fDFbF92Ab1cd3544A5ED0dE00Da6Dd8,"121,072.974311303284785687",0.0121
325,0xCbBb2f73C66a198A2FAd2A4d56B48c4931f75112,"120,951.534725133487717382",0.0121
326,0x53AddA2e01D8498e50C828618bF4545d9BB33a57,"120,394.136779309234697061",0.0120
327,0x1b34e5DC345232751e0D53943Cc4F899fE561300,"119,085.286620461581689902",0.0119
328,0x8d4b2897002a870914526BdA1f6ab697Feb5ce5f,"119,044.884831985094463048",0.0119
329,0xBe9Ef2f063B15cFF7F143b90bd4a80170E2258BD,"119,033.214339408116322479",0.0119
330,0x4eFcddBF958781d8c7b49b1233c1d6F8112EC971,"118,787.957641471440117208",0.0119
331,0x434748FdAd8e806E6f0A5b9BB9f6b25B96dEB971,"118,326.959662621531984939",0.0118
332,0x18FbC974b7e504651FEA7848739C27aEF30805c6,"117,372.14552873711234427",0.0117
333,0xecFB3303b0b6090da2EcF4125C4226b93e6cC5f4,"117,252.620760854139704458",0.0117
334,0x031EeACD2A4fcE7A9D048E6BF9E147A4c566dA92,"116,110.987928998737713645",0.0116
335,0x25317B37924A0FC6360c709C18167c0FD07F0b78,"114,923.94153975424604459",0.0115
336,0x2AD844849a973617Eb62E1D38E7ab135AA836912,"114,688.414633200116613288",0.0115
337,0x623a7BbAD10F80Be2eE7e7FEC46a55A3a9d065BA,"114,470.919218200268388167",0.0114
338,0x015cEB12e7Ad292D56E8F264277C0eF07675CE81,"114,029.725098957492652605",0.0114
339,0x6e037C272c0B57AFb6d9970eFd800de59b41bC6E,"113,805.410719545608569861",0.0114
340,0x040C481A1113970910A30BCCd4c6f7d51ad21dCA,"113,500.145687955685951586",0.0114
341,0xf8b34c275480f3C4A69a163E892dCf3875C57836,"113,420.150225402440479477",0.0113
342,0x5D4Df680d2aEC9D745Dd7DCa1B28aAd765E36ca6,"113,217.598443365289605591",0.0113
343,0x219EE0C53D8d8CdA8700647b1e2a58896a4Dc5f1,"113,134.743568203831340006",0.0113
344,0xBe3d19e56d1dd610a4E18201366346e3db967Daa,"112,997.690269220866878602",0.0113
345,0xcC4909E7950F8AB1Ae67f19a1c64366F4446a948,"112,861.458934638495794391",0.0113
346,0xDdfD9DA85eF98d1C5e9E1e42092F193c72ACB146,"112,773.816525526253476538",0.0113
347,0x97f921Ba36DAb236D37aCAae6BD0EC10EF3191B1,"112,603.000291442022284271",0.0113
348,0x1945578feBab92a095B510D1ab483e26b59C696e,"112,525.495054014389861026",0.0113
349,0x9572cBE40FF2eD3Dd1a4C0FA1c4A89bae0DECcCB,"112,404.021217936553547935",0.0112
350,0x45194884732c574618993bBF890bB0Bdf94EDf12,"112,360.735346085532556237",0.0112
351,0x0caC9C3D7196f5BbD76FaDcd771fB69b772c0F9d,"111,834.168250628835886705",0.0112
352,0xA015A691Fb6F77c1c014C60D29938f4f33DB0836,"111,284.093721185404319024",0.0111
353,0x94E444f117AFea4e1f4134b7Fcf01ceE6D3C5144,"110,863.804328714375808065",0.0111
354,0x8Ac1bCfA7D9b70e9F969dE041B8e45617e6A079E,"110,529.790055615268609248",0.0111
355,0x696223ca1ceaDF80EE0E9CB05d5F0F39C71b7536,"110,216.341138471791819586",0.0110
356,0x0f992C14aa11dfBd165905De12aD4B8da96DC662,"109,360.89391502253865324",0.0109
357,0x64842Ace6611f0b96d71E51beD670f133DF31c76,"109,290.084323699055801057",0.0109
358,0x513D845e11A315CBBEdac3247542cB7eCCCD1566,"108,799.854741335287963545",0.0109
359,0x31D17571bd2aA0C67ad21D1f6887b1A63e246c84,"108,651.327186891081501312",0.0109
360,0x66f611305D8A369FbB9c17Dfbef317A822bF7522,"108,119.150431463809220607",0.0108
361,0x2AF306fFe4FA7A94c929466Bcd91C829965cB695,"108,040.054909165396910346",0.0108
362,0x4f3d92A053B0A54c9B16FBee7Fe09864c897d27C,"106,549.577535412835540811",0.0107
363,0x4DF33462f22e23ee1684EdbAf8fb7Ca7605e96a3,"106,300.71596366308481145",0.0106
364,0x9940a57377bA657a58b2a8DbA2c8fbfAb3BDD969,"105,948.733200452643794357",0.0106
365,0x1E44a1721DE48FDa7dD2C9393CD4a9951f0E17a0,"105,097.897557974239104622",0.0105
366,0xc024BA31A3B2Df6C8375315edC177E9779484aD7,"104,992.938119572155084623",0.0105
367,0x8E323D30Ed09e73e95D982808dd4D160bF16b745,"104,873.349888948818682653",0.0105
368,0x78bCee6205ae8ec9aA88e108C640Ff615a6464B9,"104,041.5324827617931047",0.0104
369,0x6Ee1a8221a78773EbcA319064543C58165755fCE,"103,791.105611379111165885",0.0104
370,0xe04723B83FC521A5bc5B707CA0f15E2108C448B3,"103,541.00000000001179648",0.0104
371,0x2D86499A410a9ac2139833Ba8d6942b8A8700a7B,"102,452.292933937421865121",0.0102
372,0xcE6069B75e4bad549aA5bA2C875Cb456B6b4618D,"101,833.259633333457323901",0.0102
373,0x225F7d35A72138dE376c62eE508e0f842868CB2A,"100,979.818907761886061816",0.0101
374,0xaEA8C6444a5E4EfD738a6eC51F3D0ED0928C110B,"100,977.439173135461452498",0.0101
375,0x33aA9daac0cF59b34A1d4cF9175491B4BCBD98F2,"100,621.090351840161222377",0.0101
376,0x4cbB2af44186C3fa8151a75d46D17DCacE9eB7Cb,"100,519.894103622725362648",0.0101
377,0x1a6a63Fb05fBbA3c092C2fdD2953cf51DBAc2236,"100,145.290508774830805923",0.0100
378,0x1062Cf1F5fe222e39a94C19A57D082720cFE8311,"100,000.000000989689566247",0.0100
379,0x7C0c1066e460E0d89961d04d0ADdFb39e1D08C59,"100,000.000000127291606375",0.0100
380,0xA6f75e283105fEd7B1dC941d59DF47C45831Cd51,"100,000.000000038578856488",0.0100
381,0x7f1203f06aE81b3f55A8498c6b6326514df39106,"100,000",0.0100
382,0xeb4f7E315805652C52dBCBA786878605bbd043E4,"99,073.76992595061698391",0.0099
383,0xc56C9f147301c5435a15e1c370d2b23e509F0FDF,"98,941.647459326214844927",0.0099
384,0xC70478525117Be097b7C77A2FaB7459D2Dfb5628,"98,768.515522785116944022",0.0099
385,0x268DEc53B71A2e688638419e9A0Fc6204Cd716Ef,"98,430.533991104409717573",0.0098
386,0xC77f85Cb556D42f615172fb7dd5De270Fc994D05,"98,167.921415492176512165",0.0098
387,0x69d92b26b2a72CA64892155A218d9Ec9D845512e,"97,426.378946128020077402",0.0097
388,0xA723a2421C4a1E11D3E02509815ad375DE345869,"96,764.931128360414174638",0.0097
389,0x6DD2A551E3BE028B46595305477Ed06f7C4166DD,"96,742.60932196877839488",0.0097
390,0x9778AF6682C05dd328220f36D092e4f87D96B2af,"96,736.138373621445600552",0.0097
391,0x4270086CD208950A0a35B0dB2d227a9fBBB4F346,"96,111.369251507547987765",0.0096
392,0xC3BF18fF3eB3c75D776D5A9526B674e7cBD666D3,"95,712.534741849816015741",0.0096
393,0x8F0d114D797Eb0eF72327C73bDb8D7396290AD7A,"95,470.643963640437531692",0.0095
394,0x0fE41797EEa089e844a693530e5bb19D72A8422d,"94,980.691346851051135928",0.0095
395,0x5821ed6538f5f6E96651aF69AeE1c48fbccF1220,"94,816.98639938134120642",0.0095
396,0x69d1B11aA25810aBea0eD30c5ed80E4D89574997,"94,503.023758716325911494",0.0095
397,0xF7561431Cf6dF244432d37A1E4846393b91e6192,"94,368.841720410906836714",0.0094
398,0x5dA17dBBd51f2077252E5d83Da444f6E261B7235,"94,328.516780201250337019",0.0094
399,0xeb6A36195E5b127846130e14B461C7ca83e19fB0,"94,157.406601935903691622",0.0094
400,0x5B98bE4437825faA0583E181F6426cABD1f323BD,"94,125.6115630299294996",0.0094
401,0x2C49eE25826588797FB0FA7b99e72DCA0d6BA3a8,"93,998.831398143377000331",0.0094
402,0x34cbD30e16d54904E61870aE892A73753e8AFc0d,"93,111.592753804700848189",0.0093
403,0x6783D71E75738c905b8E26318c4e7f0bBBF1C37f,"92,831.110159166501107249",0.0093
404,0x57f99c9f17088fa8e0125991650dbb8505Ea4C88,"92,524.404487842628108288",0.0093
405,0x859C6a9bcb7fAF2F629630f3246c800709C6C910,"92,500.000000004604895125",0.0093
406,0x9cecb721F06fC27daef55BEf4DD892087f71a64D,"91,968.399348698203933342",0.0092
407,0x443495E49f77667D62efE4AddC2D26c0dFF411F3,"91,364.057742605514618186",0.0091
408,0x070CEc06718Ac590bA325ade0DfaDd19BF5A1349,"90,972.93934338274351185",0.0091
409,0x22fcbbadB799E0Ab2b3803d8559A38c063216cC7,"90,821.996860978093208812",0.0091
410,0x1a69d859DcCDAE2F0A4936D70CbE0a2D0cfC6D3F,"90,375.05527687662602939",0.0090
411,0x93C730265D9B4E5F3216E799aD1619928bE5423c,"90,284.797112158757898985",0.0090
412,0x26B454290091C007d5416E09AD8239748214E29F,"90,105.55529229558504174",0.0090
413,0x6b8791feB8acBD7b200235B5504f2f4561B08959,"90,000",0.0090
414,0x7532A9E3e9475337c8A907428E35932A20959FDf,"89,377.345532184896338693",0.0089
415,0x8D93ecC4E1015A6FE6d61f1093060002DdEF9F89,"89,359.452678894249769331",0.0089
416,0xa9c876988Ae67d2E2F4558585945447D45510320,"89,299.886508652132261411",0.0089
417,0x564b391221Fddb802E2f3AfF211ef346873624AE,"89,253.891905129669884653",0.0089
418,0x1c276137E865DC27c12F52d55295C141f411285B,"88,792.621222879708666367",0.0089
419,0x0c368d683c616073D48fA26f7796DFe3F8d46526,"88,779.081660718091589279",0.0089
420,0x34704355E473A9739f3C0a8aa4471706898a0145,"88,220.501857163233722367",0.0088
421,0xaC2776aF09960A77704152D96710E2E07D02Ccb5,"88,093.137424875696495728",0.0088
422,0xc1B27651C56aAb06cD26A17734c003c4C92b1197,"88,032.827186698395043913",0.0088
423,0x93dEb693b170d56BdDe1B0a5222B14c0F885d976,"88,000",0.0088
424,0xEe6dC7D878A393D33787a3A5d3C8659E3a00e490,"87,896.328080402064922532",0.0088
425,0x606d2C436A07be40C276a6176bb1376C34e49Ee9,"87,786.886979079150645169",0.0088
426,0x6B90F8e2BE956EaF5b5d2708D7795c7c946F3BFb,"87,502.430880107989119356",0.0088
427,0x411CF033C71DC12E4B0b8516f59CFDF40eF61b11,"87,489.343602114992760915",0.0087
428,0x30e09C90637Dc18435bD7Ae09D9990EBe21BB39a,"86,171.437948876394372593",0.0086
429,0xB9F5Fb592e22F3056B5147d08076caBde43668f9,"85,525.655334465779744096",0.0086
430,0x764eAc3d1153890F2c1954dEc53d2020275226d6,"85,409.523263877998294048",0.0085
431,0x08FA7f56370dD5921Fbd079d26024C94b61Ba44d,"85,174.881321740038756211",0.0085
432,0xf5545DC9294E3d4735FAde5FA241a620AD4bd485,"84,970.959861950496447253",0.0085
433,0x4eB62E5e90a2a7e3dD081FfC31eF6F4C4E5964B1,"84,791.850056733500256838",0.0085
434,0xd1fc46bda1c20Cb2d6A0050b312291E2eF379759,"84,650.627183944133567175",0.0085
435,0xB28f29bb62FC3AAE3C0A1Db0F2e5f8bF7D4FB5Cb,"83,993.924592455175829821",0.0084
436,0x56625569DFDe51185B422D462CE963D54B7a1b56,"83,963.426172449419844087",0.0084
437,0xec59AFbb4D762FbC9BfF0259aC89a57e57548041,"83,344.942376719305088965",0.0083
438,0x622e92aa1C7D0512d70Cf3155a5C0c76E4e58538,"83,201.234258000679024244",0.0083
439,0x19Dde5f247155293FB8c905d4A400021C12fb6F0,"82,508.302647216330134086",0.0083
440,0xe1385eA3cD4AEB508b2B8094F822960D0C968505,"81,509.589726736261983854",0.0082
441,0xBa89742A2cA793F936E8e3Dd73A11587d65980d3,"81,351.412588025412059136",0.0081
442,0x88e794cc05676e94B493952438233d32bf631479,"79,842.802133940601110316",0.0080
443,0xA5d574B62f09d533F5A47504a95e56742f53D6e6,"79,802.753355154152908156",0.0080
444,0x5C2e112783A6854653B4BC7DC22248D3e592559C,"79,586.636242007114400491",0.0080
445,0xDF20E98c700C6142dA2198fA9A347AbE3791E2dc,"79,472.840340198527722436",0.0079
446,0xF2F249721Ff2DF1dd92A75748d102500009698eD,"78,906.664168915230092374",0.0079
447,0xbad979702A09841A7672FB6E3C12c3368DFF2A19,"78,733.439507735192810202",0.0079
448,0xEf6cB340f8cd43D27305C9C8FFF9E422F3E976f1,"78,390.042192981550778208",0.0078
449,0xE5C2A8f963A9BB0fbC4f0620953b427F2D3e14C6,"78,368.744649752354671484",0.0078
450,0x3aA19fb7eCfbBeBA5FFB1cA9D8E502eDf3A2CA44,"78,285.886542836635454507",0.0078
451,0xF5B81786f196163875E9E331810D7E02ea3A7432,"77,671.745106339189798565",0.0078
452,0x6e339B14C48Eb4A13899e346854ADF48a0009EeB,"77,234.559669344948271726",0.0077
453,0x0241dfB8165Dac08d3F78cb931cf46D110f16733,"76,416.830274110413468979",0.0076
454,0xAfAD7B7c8F16DfCDD94c785E1469eD5AD3371fCE,"76,367.362646724851460792",0.0076
455,0xba17348ae2240d186abCAD4c52F87dffD5b67D0e,"76,279.845183406595769129",0.0076
456,0xD27c58389e30F666074160058aecCAA066F28B9f,"75,989.891168970924464619",0.0076
457,0x3c672BB3f5e16CaC12953fD67b9F8EF6bd98f3bB,"75,466.051116114411962072",0.0075
458,0x8F329383E66766F9241029F1f40a2e10F7F376dE,"75,096.039754119441268744",0.0075
459,0xAeD6D2fD3CBB1F47a2558bD1cA77188B189DBafa,"75,000.000000214891071561",0.0075
460,0x463Ec7044c969871afDb210E8F55ded72f8955Cb,"74,752.874944737474025342",0.0075
461,0x08f5b8d0BCb2eddFc3646e1f1609928d465861f6,"74,622.953172499756093733",0.0075
462,0xF7Fd2De0e8bc2a9FF199663320b6D08212b237F3,"74,264.343652860837663167",0.0074
463,0x78d250172DaD653Ae5B8Cd9b825De8E0caAC2C94,"74,258.050237856282561917",0.0074
464,0x79eEDAbdD1D50c2B3B6f97A5D2C89759c1B02355,"74,215.898952237792434783",0.0074
465,0x8269Fa0469956F40CDC5E5BaaA555Bc28D2cED7c,"73,476.808291013080260013",0.0073
466,0xE3C2D3eB7Ee338B24C76D81fa59605E02D6e5424,"73,195.280492126970730725",0.0073
467,0xaD3bAEaF95c6f0c8a2180418D1e30022bA86c257,"73,097.128496968002301513",0.0073
468,0xfed0d3bece3A2Db3Bee70ff5d41126D1a36C2E9f,"72,393.241711095870744192",0.0072
469,0xFF543Bd6411f28E2C61cEe3D9F019ff5168FEAf0,"72,376.188290155548047892",0.0072
470,0x0a3EbF23643A7C77C3d8f56800e5FDe4Bcd58ee1,"72,220.884088429962993601",0.0072
471,0x87C543A31d7dece76D60e091997eFf73BF3137c2,"72,118.856270352107595842",0.0072
472,0xFE4B04ADe5478F3B649614221CDCc43EE31fA27e,"71,904.868065622092709417",0.0072
473,0x6CfF47b5e6f9cB8c16Cd7754DD4F2D4808744105,"71,645.618354630922318251",0.0072
474,0x711281C1b26AaEd86E40e4cAaf76c1962B45E161,"71,444.867773362998291817",0.0071
475,0xd2e27a8086e75DC240A4dAabd26e4849073e9707,"71,337.702232913914996621",0.0071
476,0x04c3e4742a8c93cC5129D0d1217c1937801EE4Cf,"71,304.501184965924695158",0.0071
477,0xA987b8dD97C6D5B60E4c91fea6F7F6a8496289B5,"71,057.732526339066731074",0.0071
478,0x76cA2812480fB07b233dc2276486C6B370aef4bc,"71,001.967079554069401094",0.0071
479,0x731854994f7d45EbBd07338123599688E8f4806E,"70,938.934140518461772616",0.0071
480,0xAc082B64C23ead5228fB8DE00a2558F1B1aF6C50,"70,924.890120158377376563",0.0071
481,0x05C6e72A7b7A21E9858749fcd051C9d99C2fb8Ea,"70,918.918116378108741179",0.0071
482,0x6516Ff5a750176705499845a150260572645231F,"70,668.790188742583111964",0.0071
483,0x830B8383B058C8Ba5B7E09d0fcCE6a90b3F0af38,"70,492.428419994247946306",0.0070
484,0xf91e8Bf46b9e90909e53C82353C833BB4a5E3a45,"70,446.18923233768480688",0.0070
485,0x22bed32A234ea64674123e6e6F5DA1982eFE0aF8,"70,003.676486999150217535",0.0070
486,0x7c1031da985bAAD081F954aa6D4F9D06B06608A5,"70,000.229564684624431823",0.0070
487,0x935BC68a682Da7C1Fc8ecbEa3851B12BffF8B12f,"70,000.00000038535440889",0.0070
488,0x81db2dFD33b24419F0F715e331f678411Eb1ec30,"69,894.01505812965625345",0.0070
489,0x87b6D37935aDe622E070e5a14A732292Bcbe4b98,"69,719.019239828731207748",0.0070
490,0xb59933B63e1A4697e69F64C25aa8d7959c1b859d,"69,678.373311677922948972",0.0070
491,0x7abcB9552390328bC0D94E47199EeFABD9308638,"69,670.126708005667664302",0.0070
492,0xcd23855125acb422dC1eBFB1A1252E08630efF3c,"69,350.735069679803596422",0.0069
493,0x74E91BC03A1d925e845EB4D34040AD71C22187f4,"69,319.09011226790812306",0.0069
494,0xA42265d5ffF017a8F7B890e80B6b454FbB92c314,"69,039.172918058446471692",0.0069
495,0x8d5cd93F536912D4f231A261aD90e41481D86fB2,"69,016.140049870364134534",0.0069
496,0x24141a358980B41084a487bb39c5E0a95B6E6559,"69,000.861551591195644194",0.0069
497,0x0E2A9Fd90Aa1Ac10Ba935101Cfa0C3F93B445050,"68,837.958142474737610545",0.0069
498,0x9B9647fe839C502b903547b317fFCE5484cC60CD,"68,642.075007178510876116",0.0069
499,0x729CFce2e457B3fB30B78e8d8F6Fe5Cf2B85971D,"68,268.897540469649748605",0.0068
500,0x9e5Fd8E36d5B08E166a18bb44c4aC191b6e0c7dE,"68,170.360977665297844394",0.0068
501,0x8E299f85c3784f168837B01f44315400DbA471B7,"67,866.16634885871701213",0.0068
502,0x4D18f61B74735aED3D32FB995C6bDAD767c1173C,"67,822.393805644151276237",0.0068
503,0xEAA06F6242836cf6641a5d43C8f519224e5A4DD5,"67,811.047951843727415099",0.0068
504,0xb12aA8282B00De547Fda518cfF984A375A61A29D,"67,721.207101205921131504",0.0068
505,0x88a0641c1FBfF74B99D460C440369f44dD432Af9,"67,587.975089801624521559",0.0068
506,0x74A9E6609e0040925c4D5A83C18b587C956E8e7B,"67,436.494332372556062135",0.0067
507,0xE1848fD23af9ea3B81FCD951EdDeAD6f699ee988,"67,099.008246254214452912",0.0067
508,0xF72B90fA84484536B00bB7Ad3852cb3a3839aE49,"66,994.552532305394116104",0.0067
509,0xcf90818b5cAa5789E1434bBd071Dd929Bdf28D71,"66,550.51976030560828036",0.0067
510,0x7D71Bca010cA1C09D57675bE2f22124F3fF0cAFc,"66,380.549960749585315514",0.0066
511,0x92f629F7BbbfF908606E795DAe1df827bC9a442A,"66,138.040115173487824651",0.0066
512,0xF640c15382e4Dafb840034f5c98B16d3c594111e,"65,461.241656760239651235",0.0065
513,0x7A70EcA937f10234c42b4dAED0970FAe6f88DF15,"65,153.139392099735647173",0.0065
514,0xC6C883E9AF08293F49cA8Fd90D8C9CaDfa933B39,"64,999.081554048974177463",0.0065
515,0x3877BEBE1122E5a9d0a56F2685F6B8AEbb780c8d,"64,794.616328627089224974",0.0065
516,0x6726819A76E79D9aa297e90fbd488c5d707fdF2F,"64,572.123760539406907659",0.0065
517,0xbF25AC81C82729dFD627269463A6BeEB56e1f363,"64,484.045757739525311482",0.0064
518,0x6795e9d7D58e1BCA3EAa19e484745E2E0d4Cc895,"64,243.775071062156691401",0.0064
519,0xE6dF4ed7a6Ccb8426cbc87BDCdD3Cc6d0e6C0690,"64,114.194916063652769744",0.0064
520,0x3e28f0Ac6eD677378AE30fba0b605e63Cef0905C,"64,096.529078562977695967",0.0064
521,0x5Bca4075dFC8065235cF75C6b15B410e62845Fec,"63,970.355619697163926008",0.0064
522,0x879C405922ffb8251bDDf7dF06E02A58B10837f3,"63,924.41526815580011219",0.0064
523,0xa2d45AcA54e29e2493eB1759fCafc85689ACBF2A,"63,405.479257848286260911",0.0063
524,0x33Ede361291CC96427F8c7d7664069465aBBC545,"63,261.681025792101842943",0.0063
525,0x593Fe3B2dBB09080837CEB6d6Cfed1744e1682fC,"63,130.413553199369340631",0.0063
526,0xEc408e7789a8553147eff980DB52FfADFA01fA98,"62,947.446618033307227159",0.0063
527,0x9Da9A45159C5D69ad014653fC8326F643BF599a5,"62,693.058351240316801191",0.0063
528,0x3837dCc83fdfb8ecee7F019B7BE3B0A9C3fAd4ab,"62,558.637881038524824929",0.0063
529,0x61A0Eb5e73D0A82c6DcB5f11dE45163A54348d1f,"61,878.24813847816567007",0.0062
530,0x6b3376beF9552E9668Aaa406C6dDB90111C18e1b,"61,849.979901255660183941",0.0062
531,0x53691074B0cAB6c0EFFA9eC4a87B6929DB8200bf,"61,551.501251666597784703",0.0062
532,0x6F073640AD882e021aebF2908F1e288115C9F8aD,"61,222.870170007064994228",0.0061
533,0x8A9eCd92308639B8DA6d890d472aEC25c886752F,"60,948.429331590911107674",0.0061
534,0xf4eE5C43771bC8d1FC0fD5D13275aB55FeD5A58B,"60,289.130419591525835353",0.0060
535,0xCF6d750fB5eE16E199922683e6C534f236Edb2F3,"60,031.080383195986212547",0.0060
536,0xD55D5E26Fb1D2E3DbE93EDD276ba0db07761f386,"60,000.000000897211460255",0.0060
537,0xf40E2d16f9C6459be6AB696A4f34D71B1f90E95a,"60,000",0.0060
538,0xE6b55EE42874B0B62bB82e8dDAAFFC6B8640568F,"59,738.372147333845411982",0.0060
539,0x2439b2E8aBf3dcFb5596A61649463d124CF91461,"59,654.772558083184067258",0.0060
540,0x01B27b60AFE52330A2f464aA4625431365Dc3E07,"59,452.269535554129889904",0.0059
541,0xb0438eFFB3E55Da89929f8FE999Ec2e107B6c16c,"59,360.805930978631338348",0.0059
542,0x98801A6193df943AA82E9D9d162940CD14E7E2E5,"59,304.650124974060289706",0.0059
543,0x41bf0B426C8327E352301c8619Dd10e031e2517e,"58,961.650844053078486737",0.0059
544,0x815D8A8eE4F2a01731f2be9da94552bB57209e80,"58,955.643079404073659251",0.0059
545,0xea012D5aB5C24a6F33E0FA5b2839320b35E15437,"58,775.351903612016791375",0.0059
546,0xB0C1569b55bCf496ff08cC7ed8AaF841D67eB17d,"58,495.130201590295957418",0.0058
547,0xff1E5d1a3052AA5e72257a2D6f452dAE1C82b1fa,"58,426.442925519773667589",0.0058
548,0xDd24D2fa226ed7a624e7276D3b78911688719996,"58,314.246204383370844393",0.0058
549,0xd5087cc318042E8B090Ade43C53C469959aB21D0,"58,184.2507026253658089",0.0058
550,0x49BE55328E543F00dF81F7F97501Da30536097a2,"57,622.179023259695243752",0.0058
551,0xEd8D51Bff7bD2B2B70556a36097F8fb1beb0DE6E,"57,360.89090532666684244",0.0057
552,0x5B191F5A2b4A867c4eD71858dacCc51FC59c69c0,"57,229.511153462949990364",0.0057
553,0x5C534F44A9897b17eC6396955812CC193954aB38,"57,078.395702911773620666",0.0057
554,0x95a499aeEfb8Bd959E19D01e4bB9A9b909AbF1Aa,"57,023.260478758299607721",0.0057
555,0xC3E5bCE43561D6ec37F8907851365cE975B72364,"56,995.198100521211205069",0.0057
556,0x00000047bB99ea4D791bb749D970DE71EE0b1A34,"56,459.42083746768857463",0.0056
557,0x7D8c33136Ce6fA3a02029C00942E6a9257a10E10,"56,372.429397673639381854",0.0056
558,0x09AA1d3BD953b63Da2bcBC10B7e652CCc343b437,"56,131.900236393020834773",0.0056
559,0x89b1d2F0b1f737aeeb2391c1736fb668dd7AC932,"56,109.35903767482977477",0.0056
560,0x57aAF495382613A5B70e84A30b37A5e601F93f98,"56,015.269367064520674881",0.0056
561,0xB6ba0e7AA4587f273111fD8D9e796dA4D4381080,"55,857.472740367557997782",0.0056
562,0xb368c4Bb4a781696856c21074F719B1D6787fa13,"55,577.041180893179383965",0.0056
563,0x780E49bA4B83D942E74fF66372e5F8bd54365Bf0,"55,555.555555555555",0.0056
564,0x6D3798709BB709F72BD466AE8003d0D01A15EE8D,"55,391.381385569038956999",0.0055
565,0xD1B971CCb721016B2D0628DE48098A9Cf71B7068,"55,366.166688555431154721",0.0055
566,0xC0E282b5284A728698f4e1Da0ba34fF308E1e82B,"55,000.207660890909836404",0.0055
567,0x4235461809D675078a0b3FaED4a00527f65cB557,"54,945.212607230954010885",0.0055
568,0xC1a398504549543Bc2D91725E41F1Cdd6d49c477,"54,821.935386750038570912",0.0055
569,0x917F52175654D704D6dFD324472f33c319180268,"54,539.783069882051325055",0.0055
570,0xd8e0ca5253C904B8e410E0a4DBC1065876a38464,"54,430.780206351924174653",0.0054
571,0x5aA607f527fAcfC2D88E01bBAD74E49C38eE2668,"54,188.849581826621192061",0.0054
572,0x05Bef39159368764804a79434ff5EAEF76f59B54,"53,909.556872757275659386",0.0054
573,0x242d1ffE80670D10e96F9868bFFF7Dc021450708,"53,782.633207131247907956",0.0054
574,0x592155F2201c3D05BDD017B4955623efa88c37a2,"53,401.791174102092855897",0.0053
575,0xDc9732461b9d09680FfACD620F8C08d815ea1736,"53,329.747671409499382238",0.0053
576,0xbD44923F0BaE4c06A4170A294C66f0aFdB232726,"53,033.710460120580618981",0.0053
577,0x5CBDe23C6485426431D5478da3A2F9b6797Fa0cA,"52,858.585790239978836394",0.0053
578,0x0982f0115b5855004e37Df6f2c0Ed927dd2Ed796,"52,668.572851650473227476",0.0053
579,0x546FE1Ba130DA27336C88BAC5Da6a608480F6878,"52,453.726795426837119643",0.0052
580,0xCe797b56F9637aaf4058C38093949AAfbf48Ef57,"52,366.522026681805315906",0.0052
581,0xC36b7917781b8fde795925f3AAf22B1a4b17f0Bb,"52,239.196398720369351436",0.0052
582,0x4F923E42793F2d9259e8ac95F2f01C2aBF30ed0B,"52,188.772163698666342926",0.0052
583,0xca13E01bAB0B7833072985D885B5F129539ca7af,"51,840.702412866132815419",0.0052
584,0x4F1d257F866DB120AD985d92298e677a5c7Dd771,"51,730.551780098736827249",0.0052
585,0x7a5463b3849cce5410560FB7f5382C7BA11b55f8,"51,339.960827520866992867",0.0051
586,0xB96EccC15D453D6b907a50b9114061554d57E08d,"51,266.32706459353474161",0.0051
587,0x0B516Edc029eC08075B7d4E0267f6D5015E2C342,"50,968.728163451970598584",0.0051
588,0x54B6A4Ed74DAb2A4dAad798732150187BFbb267b,"50,796.289070553649364894",0.0051
589,0xD19ae13Cf2eC26cBB9Edb066cDb3Ba3fD424c23B,"50,715.233624547663457878",0.0051
590,0x04a52c35B9055FE8821ca0d34EF73457f5B1844E,"50,695.681781845992804309",0.0051
591,0xbEF56c68c645346DFD47b5F0B68D6256ea96667d,"50,635.426131231592263531",0.0051
592,0x17b5D299DFE5E5F7D6ac8C8a9dEe9558397CAfaC,"50,577.214816524903012906",0.0051
593,0x70954be8f3f73222A69f7F54f2433694199d1d3C,"50,325.666548639560887991",0.0050
594,0x79a80041420c63C5Cc9fc93817019fcA7b0e6265,"50,240.827791921141011343",0.0050
595,0xAEe989FdA15dfA276bEbF116B81d26ba233235Ce,"50,175.236282971296401865",0.0050
596,0x4a4f365cb9422556D995ed3aD2c446D008350355,"50,000",0.0050
597,0x055114237FB9F0e6Cf889d9D8a50393bDE269158,"50,000",0.0050
598,0x35c44B8dD7C2c17DC1443b4090D243Fa435eA690,"49,741.096743856541596294",0.0050
599,0xd0b404421ABDCdD1c5a04bC46eB91110e0783196,"49,443.214382427144101515",0.0049
600,0x5158134045C94b7407E8062513ecCF4FB3BB1674,"49,424.785985862717384718",0.0049
601,0x702D6DeF95d59E31ebA8420372821c2E49F2D607,"49,235.712548278090204309",0.0049
602,0x88CBC58E412f7F266D519ddd185E4938cF30969a,"49,098.299530329501462482",0.0049
603,0x9fc9E9645BCe9fc7bDfC98Dd8F043C17F919b2eb,"49,074.034989412859646656",0.0049
604,0xDad92dadE7ED2d5340B102931Dd4c2D7EbAFbA58,"49,050.986705315764737811",0.0049
605,0x32C218e1BCFfE3EA55584ACE97e0c4B8f8C604CB,"48,985.433392330195151079",0.0049
606,0xF17945C7fDbaaeB906Be33C50eb2eD2753434151,"48,895.4253892569734628",0.0049
607,0xa1Cd45953095210477ca7f6d7D0Dad4f48688c45,"48,585.200877630410317909",0.0049
608,0xA54a2D17b76421caEb59e9DdE31bdf8b40BC0290,"48,554.459610826988166925",0.0049
609,0xAF86Fda3f1Fe4604432daD93541F1B98450f15A0,"48,238.732254016780222684",0.0048
610,0xaFD6974940FCadc4F22d5260D672e3CA222409b8,"48,106.952793328440863237",0.0048
611,0x26ff70AF2b903bC8DC788727e0CF4Dce5e98908F,"48,004.372663514391276451",0.0048
612,0x4A0d06FED61D7da567ceeD4Cf6A6db9Be7dA4a32,"47,760.752832044999407639",0.0048
613,0x26F4Ea30c1E82c3545Ef363c3faDEe48CB5a5eCe,"47,708.195337542157743097",0.0048
614,0x1BF07585dc79666cfCCABaAc46E4fE43e20f444b,"47,503.567430944054812826",0.0048
615,0xB1fE8d7274EFCaD6571F11465709a7dF0521B2A9,"47,363.095999226679154586",0.0047
616,0x5f788aAd120e5dA0d64730A3D38f1D4Ace3884e2,"47,327.762880401653567176",0.0047
617,0x451908a0E001869aed91cB3705e9e6e45Ea357a9,"47,318.762991650570907837",0.0047
618,0xf672F94B4b0F2F647efA61ca6E0973e11750Cae2,"47,123.112353395667050164",0.0047
619,0x5dd91CCa1103f356aB7f6b1C28A6dad6149AffBB,"47,088.001764146359614672",0.0047
620,0xF136D82CF20AB3bf7E618a61447c4A731534e2A0,"46,778.783151876527461887",0.0047
621,0x69420a842C1769789Ffa0D62DdB44036A304F3DD,"46,516.042210069275268895",0.0047
622,0xd0B07107d309986Ed0c8DA79047a4f07a4AEa960,"46,419.302698429737140392",0.0046
623,0x672d05BC5a3fc26308fD8b1412B574dC3fa359De,"46,375.383110557642527607",0.0046
624,0x411B812Bb9bC1f14fCD258D64862eB0dCf993880,"46,338.90098739814972927",0.0046
625,0x6112CCD35667a9067f51c30880964346b9D3aF1c,"46,250.552215960103754758",0.0046
626,0x5f844cCdb73f685900076B4C1d90cC5aD242FbDE,"45,933.027282854273193268",0.0046
627,0xB5dE2FaBF1A5668485B0fC7138d0BE27E1A226B9,"45,675.600223854486675259",0.0046
628,0xdaC2c5D760ff866BC796DDb88dFfEc3D9A90b7e5,"45,591.661956334134137603",0.0046
629,0x4E2af3aC0571eCC47Cf4D539F9bbdf1996741C98,"45,496.33639181782000567",0.0045
630,0x3B1839502E68fc35b994d933EF6934Ef6dE2cd43,"45,433.46832700030998571",0.0045
631,0xa8736d26162c74BE3908d105594Ab8C18eD25225,"45,124.430345629488452927",0.0045
632,0xf00A732b0B421d36Bb9B07642E91F3147aF0431F,"45,121.925275164508255374",0.0045
633,0x9AA5aEa69A783c3A775D5ed0b874E19647184912,"45,088.332867198360737633",0.0045
634,0x4F95bc90E08699d62025df57FC63eFcEfCa073Bd,"45,081.994950421450698283",0.0045
635,0x5A6117B9E8A5fDE5275A252468E875bc7Fd0e2fD,"45,005.759097980975336884",0.0045
636,0x06194A45288aa6d19008AAeD6C8545881E26F5f0,"44,911.44",0.0045
637,0x7eb4119794c39C45E21C071d2f60520e4131da04,"44,882.750853547168322314",0.0045
638,0x57D37aD26BFdFe91D7FB606112C29C3310cB5297,"44,769.829766513110834264",0.0045
639,0x9AE340F9809D9088d7BbD8c81a01E0Dbd39905e6,"44,627.395467383012865085",0.0045
640,0xE0fa7BF6827221A5275505D163a2989F6f0DFCFb,"44,603.468281957616159036",0.0045
641,0x7A85A426b3192e0F634c79cB65cE28226953182D,"44,402.568842879681597423",0.0044
642,0x6867DF70537Fb2D8c0EF1440A7c0EA9F6be9D891,"44,375.782785165295955768",0.0044
643,0x0F35632C8834B20851138B707D9FeB4Dc46e8A18,"44,294.668722099035834383",0.0044
644,0xAFF332f0E5567a07632949C6b21D8323Ba53f211,"44,112.190745855849058635",0.0044
645,0x311c836198953523A50bA98f449D0d1aDF16b34f,"43,972.645242623324386891",0.0044
646,0x925608D2D17D7C9A39410a2be63a5652E78eA4c2,"43,745.554341212415629701",0.0044
647,0x05cf03eEEAa89B5F4f43faeA05264322B471Ec21,"43,675.92119257003166321",0.0044
648,0x627a0921B3d1183a752e25305E940B122b7e87F1,"43,670.814233236447204393",0.0044
649,0x1c7D965572A70238ad4baDdE9fbDD23f1F1A44b4,"43,631.545295287956119132",0.0044
650,0x6e59B91bf875942cb174068879E5c89957F85F5F,"43,476.335464779265714313",0.0043
651,0xD0e2D3fD97be9Cc517d788333A14D85592A1bA77,"43,422.909492987663948436",0.0043
652,0xA72Dd12B9329E6eFE095C030f361131604A79586,"43,360.079921959986245353",0.0043
653,0xCb57bCd93B07d68e39A98bb8061CDe5Bb4684952,"43,190.458166873887442146",0.0043
654,0xB51C782aB4a3DA56e4bcA54d464251a3448FA63c,"43,077.007622640509164293",0.0043
655,0x88856e347e89349F18bBA49c8C096cefc50DdD7d,"43,033.710210969186632519",0.0043
656,0x11111113eA761E8605CE2bb5051F74D2940E3B6B,"43,008.234146650937947917",0.0043
657,0x2AdD4Ea65c917a166d8b379c80d354205C44240D,"42,847.96548435106257136",0.0043
658,0x0e6E94Aa6ff60B5D6dD393Bd7F58792B00F6A80D,"42,497.85227864588559457",0.0042
659,0x9c5d0f78af6c7b52D06aDCDfc70869101dB622Aa,"42,105.732010484168207179",0.0042
660,0x74ed65CbA645243EBdD33fb8f074D5bDE1Ff2f59,"41,925.376578702679858512",0.0042
661,0x537D58223C44324C6e46F2C8049fc87Cc3276e72,"41,754.678418293791358172",0.0042
662,0xe4270Ebe6E75dc28D40Fa58635B53Eab945b24A7,"41,681.933935203549433237",0.0042
663,0xd1897C00246f87a40A57c70AF8600C6CAd1B12A4,"41,631.218020012460418229",0.0042
664,0x808C136858C6Ef2d6819FaA2e0c09548bB03c1F0,"41,605.170831304274738991",0.0042
665,0xC78843859b780F29f703dbBb80f96f176c83E7a4,"41,445.392139473584604786",0.0041
666,0xBf3BfDD982c9eEcF15e7FD79F2d3a4772E09c607,"41,375.569086511755262516",0.0041
667,0x748d4Efa050Fec0b9BA60789E1Ffb1C68F412D4C,"41,236.829520203086038572",0.0041
668,0x85Dfe30ed831B469783824128f634da712ab77Bb,"41,207.407893420969726636",0.0041
669,0xF53A6D76FcC22295FEA90136cf27085c16436378,"41,201.352397983839545176",0.0041
670,0xF9e9227154E6819639ff6Dc18335a34D0c0be267,"41,153.835988999268395047",0.0041
671,0x9448Ca73AC452CB0194d0c919c3e84876D7AA8A8,"41,001.883430611136231817",0.0041
672,0xe60B047aC7A95C24A463fefb226af6DCc1B7d4a1,"41,000.045595036032333178",0.0041
673,0xfe17fF2935934ed4e5247A2A4B842Ed553170A5B,"40,959.481666888398800107",0.0041
674,0xf0e726A66CEc45A28743cc56D6A79C13B175870D,"40,714.670071355017008681",0.0041
675,0x091E3a29506f611B1ec9418fc2a6B3F0977210Bc,"40,700.76044093049709636",0.0041
676,0xf533089e64E61830CF0fE0B5898BDd879DCADCCc,"40,694.931044067684411385",0.0041
677,0xcFA589bF760d0DAAF11d0f5118AFb3f884b75102,"40,592.050902452779159187",0.0041
678,0xB75F1B45D1DF527EDF072368Cb7BB9ba73196076,"40,554.329249625576543279",0.0041
679,0xbb2d4F53128027b6599244A5fB95B027EA803eaC,"40,517.51926067816467001",0.0041
680,0xb537375aec0748Ae72A8EC7C897d460332b789b1,"40,512.167334126835599205",0.0041
681,0xCa077a26544657B08508E1F02236fC10bAc86bf3,"40,482.193859376698682799",0.0040
682,0x6bF77762d1eA252a3e9F40e4696A72F80bdC67f7,"40,358.870239576841301871",0.0040
683,0x67c95e576Acb60e240cEcc80873c8584f492C068,"40,229.420823281935395293",0.0040
684,0xCCe998e46Fe6d8106AcaEbD174Ad75Bb614875a4,"40,105.910819028422006694",0.0040
685,0x07e1DC1fB41925f657238dBdcAb578a845bdDC91,"40,001.20939654330149459",0.0040
686,0x577ac491cbF08a2A00a0875C4924460b3Fa3aaAE,"40,000.00000003970119335",0.0040
687,0xAe8F20EAAf5f2c986Bcba6199c30966D2c761d0d,"40,000.000000009513921664",0.0040
688,0x2C5b41EB7ebECa77632C09de526bddBa873A2593,"39,964.212649813762562647",0.0040
689,0x065ECC33c70b93bEA164504636cCb66321268f79,"39,904.948280750809015827",0.0040
690,0xEf1366BB04B3ef7F8c6fF01E5dd33E3269678a25,"39,895.785094475507947458",0.0040
691,0x03d04d44e429E3bD4F8d2A3815fb5A1D6B72052b,"39,884.364667524213629479",0.0040
692,0xC0adE5dACBfD2C4Db9ad250d1519da69a96DF0CC,"39,530.88386958471797796",0.0040
693,0x2b3bf74B29f59fb8dDA41Cf3d6A8DA28CF8e7921,"39,417.02349568",0.0039
694,0x549AB0950705282d3a25fde30cA699E0b20EE363,"39,316.841466178131722395",0.0039
695,0x499a1b7cd389033Ceb0c7a0fAdF5161ADc068592,"39,030.032604750366988192",0.0039
696,0x33AE939D7732f05281eCa6FfAf18f134dc7250C9,"38,973.747172829275689252",0.0039
697,0x60F0eDe5fa0f615f54968fC7c552c63dA7565b0A,"38,810.598346420172559641",0.0039
698,0x4c4450835b2eC6fE0A996EBC57325D2629aAEEf8,"38,683.688848107559989669",0.0039
699,0xfBA6898384C6b1Fa0b4d59ca79b0dB5B54A13851,"38,544.65461901138193472",0.0039
700,0x2c0aEB0271a92c293a558f6e1BA6c0eD5a723d51,"38,509.949570776377639194",0.0039
701,0x42ef18C94Ae429B60698E27D941487b400967cc1,"38,439.834671372098446575",0.0038
702,0x8575C8A88d65e1DCc5b53b8747a1dcFF81aF47F8,"38,393.484864029688035361",0.0038
703,0x1D5Df6739529134C638Ad47461a0d6128FE9c1d8,"38,317.932074934608796288",0.0038
704,0x64368d7285aF8E7985b398953f969238C1c3C663,"38,226.287952710050687124",0.0038
705,0x3bb287b91B3F926DD4A2F0EE037d62250B62A26b,"38,208.982081427183859837",0.0038
706,0x0cdd61Fe995b50B7881bfc1b08221066266fB0B6,"38,106.361039292509173646",0.0038
707,0xBD3183A293b3bEA81479bE052491207F1A328ADF,"37,567.08028043127927374",0.0038
708,0xbD5d3A43EE08a84E9BfABFAebBfCe3df1CE725C9,"37,391.959539259217636913",0.0037
709,0x7cdad3262B054FfC861774EAcc94e0147aA849c3,"37,306.496186798095593991",0.0037
710,0xe8F083765809926761Ec747F9CBE7D92CcD028F9,"37,300.547023999779213506",0.0037
711,0x1B405cca1a4591A51113b3500eC4e8a2b1244C62,"37,269.197624408903632782",0.0037
712,0xA94b40c53432f0576E64873CE1CEAd1aae62Fc90,"37,254.653034695021356194",0.0037
713,0x0c6306c1ff8F0cA8432B761085d5Ce74160A499a,"37,250.047195953698468116",0.0037
714,0x963e1cb864cCbDC2D6CC5630052e828fC5E1D7BF,"36,972.851478048087127734",0.0037
715,0x069e4F3358C2f4432b2c54d7a0b098ffcd12d038,"36,885.963108036303347972",0.0037
716,0xb90349445FD59142848bfCd0ca2360a2B3E536e6,"36,845.716575776314778308",0.0037
717,0x7a278595BdB4776dadCc55e242cf4f3be1A40dE9,"36,824.590894268628279655",0.0037
718,0x2Bf71f3384877b56A9585C5D46CEfcEF44469203,"36,769.149266809753609604",0.0037
719,0x2A052a1e9B0C0d665b55BaAFE671C7A1A93ca513,"36,458.114635011948311204",0.0036
720,0x6e3705e761dA9d375F7b09fE59176c9B8AeEc1D2,"36,378.905198536759627585",0.0036
721,0x36496b79141e3eB115c25d8533156Bc97AF2CA00,"36,310.717423453642551048",0.0036
722,0x4330A001576C0FCc4BCF0cffBdEbf7B8959bbb0A,"36,295.580991365467602944",0.0036
723,0x4AE1360B22a0790a079600A50B463B33c66dCDe6,"36,242.044328681372036964",0.0036
724,0x3B0901965d8CA74C62d3E6d2C483C9b58F851cCF,"36,226.852578183693669775",0.0036
725,0xc49551291110F0Af460b12c7D54D6986AD31bdf7,"36,115.788376182693802297",0.0036
726,0x5878fd9E33aE3cf29d856cAAB3C31579eDef501E,"36,082.224323538100326593",0.0036
727,0x2C9D9677aE51a79F3a4c99c0aeFcac3f7A0F7065,"36,049.910871100817865014",0.0036
728,0x65B44fe08fa5b85dE1f705EE3B00d6a78C44a488,"36,041.384490298146098894",0.0036
729,0x34223719D75CBC336b77cCd8af6B9342bd6Af1cB,"36,010.749803527431808865",0.0036
730,0x37978Ac829108Da659258A33561844340BE88c6e,"36,008.192087149340844316",0.0036
731,0x4197a0BAf914bBB96c5EDA6aA28eFfA37fD384E0,"35,981.540906926382769059",0.0036
732,0x59D088293F09d5119d5B55858b989Ffce4D398dc,"35,892.650262657460209137",0.0036
733,0x380F32D80064F2F63D19c68D973AfD1C6D4faF03,"35,855.960610878348978073",0.0036
734,0xBc42531DFCE662193eA184880766Fb664BF5350A,"35,844.873153007982251131",0.0036
735,0x10d8f599eC37524CE6FAb8db33b67c4e7080cc5c,"35,669.797751083425489616",0.0036
736,0x41a9D9eC66fBEA21eBEAEE1D1758f4Ec650EFE3a,"35,665.658710498600357499",0.0036
737,0x14320885468A1a9100593C2cE3152BCc78e71a90,"35,642.594324017921434655",0.0036
738,0x62A56DF26C95A7dB9E0A155bFCABda0fb63c4d50,"35,527.826946304252787425",0.0036
739,0x67344f9832506fb5A58D8B89428179eADB0614a8,"35,499.585557857396790593",0.0036
740,0xAe5905De19D8E65b45D8179F71C72AF8018721CD,"35,445.052210437568099821",0.0035
741,0x9371b66C542Cd897C5F1a7D00B38f069e546df2E,"35,159.734172674103805158",0.0035
742,0x0d5dA38C9Ec77C50c1aad5e58341338882299E82,"35,000.000000345436939442",0.0035
743,0x877f716b0d04cEA3C2e12bd809DaFb92D62815fF,"34,838.06086790748747648",0.0035
744,0x2DbEf3616c81e6380dd224cDbB34b6600CA4Ee36,"34,587.417385443011198288",0.0035
745,0x0b27a52Df3bc361dBF79fe48DdE1FE70d153d76f,"34,520.777380734975537185",0.0035
746,0x81dcAB1513d88478a3536348d6d7560f2d8762a4,"34,472.251537742315649587",0.0035
747,0xeAFe19bC951CD667C72E0833E061163d9142FDf3,"34,145.456431552230409837",0.0034
748,0x7cb1249c81606457E70628a04f198c17F0C31d18,"34,143.26892152951868966",0.0034
749,0x293A2B0Dc24e9bE9419CD8157Cf2790f52e4B405,"34,020.182945668154128443",0.0034
750,0x293A2B0Dc24e9bE9419CD8157Cf2790f52e4B405,"34,020.182945668154128443",0.0034
751,0xBa0b7A89C7Ea61B8e806988997527010C733f2b8,"33,926.998381578519235896",0.0034
752,0x11Ad965dA923658abBBaC1F0d5149E8ac443d042,"33,914.700463749230026989",0.0034
753,0x0e36C0007Ac0c0D812Ff3e13c52cBbA59A018A00,"33,910.506818608916637368",0.0034
754,0xa4cFbc29134Ed59E7865BE30B79FDe887C9526EF,"33,837.026344009833136578",0.0034
755,0x0e331a293BB22e93e2e5E417d84d755ae185dA02,"33,790.147797505780089519",0.0034
756,0x8aA1a9f914Ea13A10bE5fEfb7C5E16D49B472137,"33,787.97717401007484654",0.0034
757,0x39481f4830F8F96bFEC1f4c9f84cf81cF7069700,"33,784.788835280852734676",0.0034
758,0x06A69b13c046a619bb61c0B42beC9D527763482C,"33,677.373602880219072881",0.0034
759,0xF9eE1BB30CFFc40143E0fbe8345D0B6d34825FFd,"33,539.545944362539659392",0.0034
760,0x6552e0F67Ca1Ea48F4A38b6b6953537052c935Da,"33,496.752106298424725438",0.0033
761,0x6B3a4966420Cb4D38116c325dd2C051DE4BF1A6F,"33,353.821233928883446229",0.0033
762,0xed214079B6508E0090dc090e3Db96e0AD42505E9,"33,323.526700738464534678",0.0033
763,0xad29842B4cB437a11fD952a840378325eE2c4679,"33,223.355910338194049154",0.0033
764,0xF3CBeF9CfcEAA99276bA6b57Dcc2C9E502CCfdce,"33,035.668423679072211515",0.0033
765,0x639400C153E62894Fd391F217089cD3F58ce06eC,"33,000.048769847517537938",0.0033
766,0x525a1fd796cd14e69eA84A8a4a913E9Cd806D429,"32,968.26349005250060674",0.0033
767,0x38a66261b4b07a1e7327E53c7Edf741CC7fD9590,"32,914.060846846279303354",0.0033
768,0x5D73e4a3e1b8454570D0E943847E693f5f23B422,"32,867.711313588131891914",0.0033
769,0x91b9ca5Fbb94aC85814Fef9Cf435477dF2C8Daa4,"32,823.741132564090417343",0.0033
770,0x6E48E2bDeaB3795CD8b007Be6629719a9EcBaD81,"32,803.276973336878959247",0.0033
771,0x917176e92Cac77A9f503897baE9Ca43d8A2EC0fB,"32,472.365082241258871432",0.0032
772,0x9b35000f7E2DD50eDa2729bcF42aC9E64bC926B7,"32,183.005418170228123961",0.0032
773,0xBC2Dda59121652Ab32fc619CdC73c572d103a7cc,"31,871.067026401301645964",0.0032
774,0x669cb986512b9C925F71d6a26873e13022090B06,"31,804.06828255864291205",0.0032
775,0xBE2bf75ADD7f08d256e80456Dca2bD2723390D2A,"31,726.041626333505711236",0.0032
776,0x3e77B0e58F1966D325AA48ca51058aD556Fd071d,"31,694.713612577023936794",0.0032
777,0x1DF431A2AaBa83271edaA1A3Fb286F9F8FaB19DF,"31,482.143055590342011",0.0031
778,0x4E53C57Eec02a0692430584c7C153874C73eB439,"31,244.713512818805996435",0.0031
779,0xb2Db7F03aa0Ec91895A3fe38eC461822A570d234,"31,061.056548497678259015",0.0031
780,0x876bba100e520A5552b13d8924b3Fb86C9Ebc8De,"31,038.11220724045121177",0.0031
781,0x31E631b80630E12d6D2dFCC0ADDDcAD71AC4b200,"30,900.992546638176382451",0.0031
782,0x8BB11cf45F6C45860bca1fD798070f283500b9b8,"30,780.903964294504700366",0.0031
783,0xc117a75dF6Bc1316B55399F37D64Dc457A0B2f46,"30,620.847145363297139218",0.0031
784,0xAb73D686716339ed1F96829e59A5960fA34ECd7a,"30,584.297767931170205196",0.0031
785,0xB968Bb192A6c40B16722Ffe6687eEA79432e6d7E,"30,579.905806064085322206",0.0031
786,0xC2928Df893a5F03B135aDfB358c70204E68d0f67,"30,534.747250577063093065",0.0031
787,0xB9B7432f3663E41FC6C941EF873D69e452645BBa,"30,497.510392971835865174",0.0030
788,0x2c3a5dAd331Ba52B165985F307Bbc70Ff42eA336,"30,417.204712648309083321",0.0030
789,0x566e3A8cBB0ec34Fb431828aA2D1654D136B5e93,"30,359.68433160320268163",0.0030
790,0x2D32fd030cb6Bd1887e9F03b7228AB0E9fA2DC47,"30,286.402406535135525989",0.0030
791,0xc99501ea3A133389E22ee1e2f93207F3Ec5d2634,"30,280.57149409216465544",0.0030
792,0xd481F8Dba3B7E64385fD2298aAcF975AC3Fa28A5,"30,200.564934643298349602",0.0030
793,0x314b2b63F53C3a2E2508C5543dE0E532F635FbAb,"30,180.246572764969299799",0.0030
794,0x79B8216685C5c1fF47674F73299cC7Bc5d3772ba,"30,140.50863902156776056",0.0030
795,0x8aA964d165B3da4966DC5C83D866930099DcbC46,"30,124.620498970636954921",0.0030
796,0x668204DF386cDb3B6296a442e243ccDe3232Fc52,"30,087.075393610700453788",0.0030
797,0x6bb87D6F2b64042cB1018663B927A13830119D02,"30,000.449286853505643651",0.0030
798,0x6683DCD1CB97a8D65B08098deeabB4a20317edD5,"30,000.313683482744783962",0.0030
799,0x453081006A0E8Ff1ca173C555C383fa0b0F9d2eF,"30,000.000443100236946017",0.0030
800,0x0766569CBC0Ed6291551589F66e0d0b2DA3881De,"30,000.000000547052867058",0.0030
801,0xdc9048863faA4c818718cbCd5A9B2F5E52eCBF85,"30,000.000000454725774849",0.0030
802,0x459e0E3031a9502eB8FD22cB64fd7918f6B53A73,"30,000",0.0030
803,0x3990e46c61E1F4D0f8Ba4C8993b9589d03fAE7DF,"29,990.420666501320383743",0.0030
804,0x2da44478194AbEa14B396FB739b2e1bb952B870c,"29,986.615332989054582133",0.0030
805,0x4e9b4157820B70E1E96b5cc196C1a40A706C8D9E,"29,888.524729453134718935",0.0030
806,0x232BF85AAC63257BA4F1404C37E8FE126cD47fC9,"29,792.307606298005056981",0.0030
807,0x7cFb5b3C200a32bD0Ae937A30DA629eF87C936Bc,"29,593.509857275323657721",0.0030
808,0xC5f6D056024B4D0b61AD1aF9B47460Ff86aa3a03,"29,505.2544659208442139",0.0030
809,0xAf61Db40Cd69083A430A87e8A396a77FF788718d,"29,404.416614062650049497",0.0029
810,0xA5edfED101a9d16e4Da450A446861cBB0fFd19c5,"29,214.848690850145205888",0.0029
811,0x4e0D6b1AAdE702e1826fCfeEc4F35273B863D5A7,"29,161.022357206220587419",0.0029
812,0xCBBf21e95Ab0a9646191EBFBf49590A14aEB5E63,"29,153.441809696857572272",0.0029
813,0x3310fd13c6C55F054cC128439e1E51Cd0cb16Fed,"28,950.446257054116290565",0.0029
814,0x380fEEA870DB5EDd638A8fe78A271FA6E707826f,"28,945.513766614948270124",0.0029
815,0xb9Cdfd2258ADd745583BA2002CE8bf2d0c1F15B7,"28,930.71254715936958866",0.0029
816,0x3AF1dFbb5a4d93c6077efCB14551508Ce4c4b260,"28,767.3975936543120656",0.0029
817,0x9484Cc350FF6396eb48CC6542FFD058F59e0Fe09,"28,761.123091591695997088",0.0029
818,0xBB6ec1d863a6CE0D5ABB46d0d9132D50567a29e7,"28,759.779809497037540846",0.0029
819,0xb6Eedd3b6408c085f473491e998CAb9904968520,"28,735.321087442193238596",0.0029
820,0x61c2FC2a652C0440F10c3522b4Cf5500A347C7Ce,"28,697.055542154956441214",0.0029
821,0xE3841dB25c8fF8aa4e6846D71382937729E25F93,"28,475.993715000319984282",0.0028
822,0xBe90dFF08576B8ed396C4bDd6F031559Cc36fE56,"28,465.179870963209753792",0.0028
823,0x044f2a228730502d9B0EcbEF9812B92e6E9f42a1,"28,401.259574658777510332",0.0028
824,0x20E6e3fA871E4D97AE948268ddCC98fCb8E319a3,"28,389.199307353042250003",0.0028
825,0x00900EBEFED24d62c2fC7D1Af7CF52fE9B9e7D5D,"28,343.523082730300625823",0.0028
826,0x237291667D917d046Ee6A84F82c1D26591dCDC4e,"28,280.753465918325076994",0.0028
827,0x756d1771afeF17aFe6fA2a111ec7e83a652b5c4c,"28,223.987721090700458338",0.0028
828,0x2C6B2229895982AcdB6B823d6420EC95306C5561,"28,187.118959196724240244",0.0028
829,0x2e178E56b0cC7415ed06aeE573aE6A63d582673A,"28,152.78875612836411699",0.0028
830,0x2Bb66a6b8ca248bde0a99E4372C6fC37d14Ff5AC,"28,090.392372905899909595",0.0028
831,0xA41F533D1575259c52A2eC2E05d29598a4e9281c,"28,015.998168522862745116",0.0028
832,0xeC7883a4127068b2965B86BEEfB11A5Eed95741b,"28,000.000000627733738328",0.0028
833,0xFD14832CaEd883F5f3B28156cB2A515249B5D403,"27,953.222644500106686559",0.0028
834,0x52dCF8Ef6f97b84260E4293100b188A9e039F9b0,"27,917.427264027601866286",0.0028
835,0xF23EAd5fFa54B1Ae453342235f8D5cCcc7d1029D,"27,904.754251483766240868",0.0028
836,0xA4f1dd1D6900cD38315618e84a001F648d6C6f69,"27,896.907075462764636239",0.0028
837,0xDaB087c3E8963996a558C7098d36cBffe519E94A,"27,816.962254756264918838",0.0028
838,0x9Ed04E233035b847dB554159173F439B06B6B941,"27,710.516261994167584932",0.0028
839,0xF4BC29865bA2D69821E8A5158461fa46e25dddDC,"27,607.312781464258679767",0.0028
840,0x655B53d4c70aafE49cDD2E931d3D4BF8825FccB4,"27,590.82598294222114524",0.0028
841,0xf84159F74af5b20A7425d8a57B9A362c714a380A,"27,564.271138837829697961",0.0028
842,0x1e9Ec5C0F8C7150c92dFaEd64bE9B58eC481b23f,"27,492.549722216408734964",0.0027
843,0xC3153f9Fa3C3c1029c017890b353e0d40955237F,"27,465.20627489350999271",0.0027
844,0x4ada2901B412B52c49D3564959F3979641465601,"27,420.388251724307904835",0.0027
845,0x533A3bD21cDF731Ea8155Db48dE21Fc6e27ECb6C,"27,300.654956346946973125",0.0027
846,0x2BD6220F1FCAFAbBeF7a91b5C42B3eD24866ED27,"27,211.543337664829344658",0.0027
847,0x2a69BcdedC9f02F110D6dbD5bE92aEcf95B93498,"27,193.696261835326032176",0.0027
848,0x83765E9A921409e0EBB0415B6cE0d8eb918A27f5,"27,171.740620633489192325",0.0027
849,0xF81F86e74271Be0f8237c472a8E410Dc88176BA0,"27,163.054866625294971882",0.0027
850,0x09fe421F640c90Bdd720d3e8B08DE89038C86BE3,"27,058.849948445287870387",0.0027
851,0x5a979546e9c4a79F871494346cF3fC5850F43556,"26,985.940216208378370215",0.0027
852,0x89B492505ec9785B45413EAA0D612749665e2Df0,"26,895.61709390522110203",0.0027
853,0x6E59338EAd6343F056f9F2fD3FaFa6B5385FF5fA,"26,872.963885521241580459",0.0027
854,0x313A9d38a6234cA79fb9c91EbF590CE47f5025A8,"26,696.480682094017331439",0.0027
855,0x0d82E1999146B255125B46d892546ad7861Ec508,"26,553.849288361051814161",0.0027
856,0x385c3cDEb3FA75068ca6BC1120A1005b7DFF604f,"26,493.454881332570800659",0.0026
857,0x582d25B3720B494587BBC26395f5372D94BbE04d,"26,461.632747511246430012",0.0026
858,0x4D7fd20E7cf0f9D3C9e7bc0a34a6261977EF3E73,"26,453.12782256709699695",0.0026
859,0x535167b749832e23A7E15f3470a0324718F0D220,"26,397.069999003621262215",0.0026
860,0x79a48DC88034F2d0754AECE44831f4Dc1e66d3E9,"26,375.056991692347687845",0.0026
861,0x4B5b057ec0C1D671756feA7274C71Cf76107ae88,"26,322.615659962641427192",0.0026
862,0xb1c4aB3011aDc397ec79bB3Ad1c3ABaF36066Abd,"26,320.147269284720999782",0.0026
863,0x9173DC8779ec50a52619bd8150DF3f9C2c53Ba82,"26,308.221083543780559443",0.0026
864,0xEFF818C68Daedf12B21e0b85DcC95e73e412450f,"26,266.61797683036899634",0.0026
865,0x82432fF8c8f73bc3a109c7190a1Ed82961535196,"26,201.523226572637655952",0.0026
866,0xdB96939D300d058dbe6742211F837FCF699b4827,"26,195.088106940979704913",0.0026
867,0x1e43eD471279bfd15fad46e377216aD4C741e38d,"26,075.693033026644261077",0.0026
868,0x80053389a87faC5Ec1ed027BeFF06dF792B2d25d,"25,908.725235956270410433",0.0026
869,0x5C5d068a3B6f053839dcF72821Ee6dE8CE8dAcD1,"25,825.692890747213996131",0.0026
870,0xb02a7b6Cc8317550dE24A68fBEcB5d8b0A62009a,"25,821.496728537033392769",0.0026
871,0x77Ec83aAF2620dBf4b215b055b127c702f5cD8a9,"25,745.153871414899678164",0.0026
872,0x5F70446f0D0E59f49A489320eA0F106DcC0150E3,"25,335.874871129952408748",0.0025
873,0x4aEb5186E98092785ce1CD07C41281D26c0b6fFd,"25,245.758598330765293401",0.0025
874,0x6ADdd8822D73bEf6dF17D60609982B021e574bB3,"25,199.618070370496423227",0.0025
875,0xF4AC1B1D8aa81f5261cfe36F5E0d02f479FD1043,"25,015.147164822906541467",0.0025
876,0xf84d0A92Cd9C66d249b654DD1e684674dAc96385,"25,000.000000563574253142",0.0025
877,0x5B7A3947cE4748A19B334d8003559c474d42B1a0,"24,967.360544768448547343",0.0025
878,0xA759657e7e6E75B77cABAf97C8D93a03b1212D8d,"24,915.308155553638055338",0.0025
879,0xaf64F38F934B8944bfed3577AaF89Bb9635192AB,"24,852.624765970494966467",0.0025
880,0xbEb749C9FB8f15adB60c1383C91F263B02041508,"24,652.678266479808308229",0.0025
881,0xE1995A4d7Fbd94e0B98FA14390B27aF6ABb53591,"24,635.234614814002965126",0.0025
882,0xecd10EB62dBdc1F2Bf82f8Bb08c3C7a60679335d,"24,565.620457193536027571",0.0025
883,0x85c2daABE04e7008FE82193534B43b3E18A82912,"24,539.150178053911567576",0.0025
884,0x930200f76fFd57703d8AD5Ed9D71261D3E3859Db,"24,458.116715057266259257",0.0024
885,0xF60D86E1CF404dA38cf4c510DC69697De7125617,"24,411.651600998169737",0.0024
886,0xfE277Aa25A4F65A182c0ec135854794Eb7131e79,"24,361.236126478594608424",0.0024
887,0x147CF09E7373B8FDA6f12021F1b0f98D6da1A566,"24,343.241379617887956083",0.0024
888,0x3B281Fb69B2af236d9A8FF882236EbB1B82BaEdB,"24,288.494892693403015328",0.0024
889,0x3DE174abf52FC9573c3D61b4d6107409Ea16F715,"24,244.441258118941406165",0.0024
890,0xE6edC71d4a4eCa28c582F40c24A9B93b15538e24,"23,990.622999583263802833",0.0024
891,0xe76623ceF155ed624aa5372f7Fd4d56989Cc05C4,"23,971.638818865990431666",0.0024
892,0xF66364512cCeca82645369a5Bc8B6993FBe045CC,"23,806.094876178023619191",0.0024
893,0xC4507bC78166Ba446c5A708f846CE6e49fe58101,"23,675.950687465269908574",0.0024
894,0x29E88926B00eE76433A5a1a817866EdD8E9ad0cD,"23,674.906639567146562812",0.0024
895,0x487c7F535b513465B8BBF4Fea64980982eB46473,"23,621.111622882169526272",0.0024
896,0x83D5f4c7D628D16889e876e2e5C5d9758AB014e6,"23,561.414398409369592055",0.0024
897,0xCfC852e4Dd47D6945698D9f998e6D77afC70825b,"23,540.62874849065786077",0.0024
898,0x49083fA61648335f60890D69206817bA81979eE7,"23,512.960269815226159642",0.0024
899,0x94a12F9fA117D8DA37791571e9445E65aE70276a,"23,497.312321805067566368",0.0023
900,0x4799535fDd06224371F5c79525a33557a9F12520,"23,372.530279839130968135",0.0023
901,0xe7fCA77bb195f36F24e3d91DeAAeAF637Fe7Db23,"23,340.462532145239293951",0.0023
902,0x4fdA5b7E6Fb5532AFdc813b72Fba8c9775B24Ea1,"23,149.216549016655608102",0.0023
903,0x0a6CeC64A25faf0D2Dc353f6458Fa43EbCa9DAbB,"23,041.183548020607567191",0.0023
904,0xc5a9EF5eb480DAd253b10Fa8a99EF174256D10A7,"22,944.505988197526690905",0.0023
905,0x44bF6b62167D458D5C86df6B60D99882842477B8,"22,928.35628455016807848",0.0023
906,0xe436F58838b795eE617acFE3511845461577CbFb,"22,910.767709478044645257",0.0023
907,0x94AeFb77a8702c8B3953f2988dA5CAfb53806001,"22,888.218218251988494353",0.0023
908,0x1bbf04A88fC4c515FDA95F882f8Ec37A1ca03841,"22,862.983117303644510088",0.0023
909,0x351D842B9C811Bd60f2B0Fb038f898Ddf3B3E492,"22,818.100323129256363763",0.0023
910,0xf6990c13Bfef1e984b4D3f78DA9045009a2b2631,"22,798.263445104697699334",0.0023
911,0x0a3307f6865B01DbcDD7EadA51e1E6272472444f,"22,775.801363589060112441",0.0023
912,0x87cb80C2a18b4B88C25A3507cC3F875fAb23E74C,"22,729.204901526638637646",0.0023
913,0x9aCf8D0315094d33Aa6875B673EB126483C3A2c0,"22,565.391333239690305414",0.0023
914,0x78BdA3aFFddB0974371B04ae693099817937F310,"22,553.45207512381502836",0.0023
915,0xB4330aE2D71d653cfB0E1864fe2B4690e39a8036,"22,518.571381468251124124",0.0023
916,0xF76AD8826f1A27377E3e74E9304B97ff6849bda7,"22,505.636808722140232634",0.0023
917,0xEff555Bb6a69f8717aFcd168969d4c75e1Aa424a,"22,377.850241745357912641",0.0022
918,0x0A7742DC23d81fDA92A5CF0e4d65852aA6aa97d8,"22,344.255747918433563847",0.0022
919,0x6ef5103D6E6fA54aE7B724BfF1645619C518bb61,"22,338.373318457671542937",0.0022
920,0xb412B96Dbe138DA98be8e475f632E1A8F0037748,"22,336.181148832450042144",0.0022
921,0x45b77E3C3C4281e3BfD6Ca73F9550f3eD0A830d6,"22,296.580617980624265689",0.0022
922,0x7b0e249a7eCCfb5de29ec1954b1C82d4176F93f6,"22,257.928866236453510338",0.0022
923,0x238a358808379702088667322f80aC48bAd5e6c4,"22,142.322096459728018742",0.0022
924,0xFBd9E6b6Ab27101402Aa847818b01e4555028eC5,"22,129.014308864734232474",0.0022
925,0x5E20AE3D7435616dDe0Dcc2a02C0DFF0c2e3af79,"22,080.669264877744332761",0.0022
926,0xC46AD4c600d080FfC1Af243B5adC8Bd24b7D7D90,"22,079.271687701152409658",0.0022
927,0x5B7787C6208C75F15D86CAE8751Ab6f6cdb6B3DD,"22,065.953767057755627808",0.0022
928,0x030fbF9B1FdA9A81969ebAca3468F8F32c68aD65,"22,032.99948855755804204",0.0022
929,0x88Cf2B8834cBEd9d888D76fEB8aE7Bbb7a135217,"22,013.401995333471283642",0.0022
930,0xb293f84792abCf541150668bD7Ab38691D37D680,"21,985.010948000348339898",0.0022
931,0x3A3cc0B93E0bC61C617DC1Ac887933fafAecfdB2,"21,770.857560289704116502",0.0022
932,0x0C40436C6879FAfF13c51F00440851A859286221,"21,686.901922740454489223",0.0022
933,0xfB342aCCF6C4EfDfEd1CFd5B975F830790aA2291,"21,599.658435795782116866",0.0022
934,0xD51053e4e8b8fea607E6B27CDab1e350E161C449,"21,573.797131819868213548",0.0022
935,0x9613eca44F5e6b3045284537a6Ba4b56BA0E7CA8,"21,568.322134228947156121",0.0022
936,0xf778Bed4656bfE3f7E2A2a4e2d30b8fff74db06f,"21,449.747188402907071248",0.0021
937,0x35D42CaCAA7F8958Ab2427BFBfb29D73cf24DAd6,"21,430.165794718621827021",0.0021
938,0x7404D6E0226Bc63473B6B47D806b12eFE68Adcc2,"21,348.671641710313489153",0.0021
939,0x925D971c7f6093C17B0df5B5046F8f8b65585d9a,"21,331.76764000859496491",0.0021
940,0xD8d131456540fa501A62f97A71058789a3513C06,"21,265.729522736490759646",0.0021
941,0x802b65b5d9016621E66003aeD0b16615093f328b,"21,261.595303110303727656",0.0021
942,0x8033831A24A41aF83F985b3f5820538cc9aE3505,"21,247.466056685775947406",0.0021
943,0x0e98Ff3Ea9Fb224EE3aE5A8789AF3f6d1a17a880,"21,167.983161654383864621",0.0021
944,0xa8210d63CC3571F43BA60F68D27723C55b647582,"21,126.99254219925299746",0.0021
945,0x2192Bc4F47976542784682614dEB63F4bd3Da92A,"21,121.163480371772107258",0.0021
946,0xDE0AFD703E2BdE067571E0BeFfdFc834bfBFd7b6,"21,005.160794799804555575",0.0021
947,0x1B1b3b03c20BCE2F4777b505058277513Bc8Cc21,"21,003.79818534723251634",0.0021
948,0x390deB397fa3Ad75268cABfB82d15Dc628f82602,"20,856.049456281773530391",0.0021
949,0x7a67EE99beAB31D5e14d3C677dCad900B3eB6C0d,"20,795.375239834780900612",0.0021
950,0x1f8d2082e31c437F11392b903127BE52aF3aE1a2,"20,781.879300975005700292",0.0021
951,0x96A0980938DDa34b8f78898E61c0104E10a94257,"20,685.285475096787327967",0.0021
952,0x492100Dcd44e2d6dd65be7Bc9dc147D4E0aeE893,"20,652.110616399039902987",0.0021
953,0x52087B1936f3Ae22ba4D33b49fCfC490F4D2735D,"20,634.385595705316914877",0.0021
954,0x9cABFB29AD2a9C785A11494C7C77823E375E4aDD,"20,625.042336100689046825",0.0021
955,0x66E7DeB0446346BD73B6051Acb2A96D3fA348243,"20,622.978506617413323458",0.0021
956,0x0779F5e30053C13224C213D194C7EE91967972D1,"20,554.87530493819379433",0.0021
957,0x6E7Ae8DEE2F39Eb521CcA1762e0dAdFCCd2E88B2,"20,409.80553838311040498",0.0020
958,0xbc0092b0266D3D34d37A110453d19Ed57B452d05,"20,401.372335363629366842",0.0020
959,0x05eBef576CEE7833C85df44E4AC23C869731E709,"20,347.550040266208493501",0.0020
960,0x713bd67b2cd60b6717c39213Caa874d2224f00e7,"20,302.315676733673201598",0.0020
961,0xf3e6c09B3839338e1D28c7B664E27620d31B9c4A,"20,301.783026459024371711",0.0020
962,0x5cd357EbbF05C27618035F768B66615cc6154C62,"20,266.274648856185566217",0.0020
963,0xC329895C77e695846b6a20dCbA7b14056896f604,"20,178.692626081661224592",0.0020
964,0x9cE8108214B64378472D3DFf1C5D073C2170712F,"20,116.248453379758941597",0.0020
965,0xf103C718544020fd878eDd9eBb7360859E1b483d,"20,038.02806412114593129",0.0020
966,0x80AAe53685d455e329Abca48459C89602FaDD79e,"20,027.01717560233196366",0.0020
967,0x38C2E64cF14281F5120DE238C12082d425dC07C4,"20,000.000000924529000262",0.0020
968,0x9236fb37315BcF8eEC3F29E723680A769D97b1C4,"20,000.000000148925267943",0.0020
969,0x44493F34b8497E8e1568D292D945E29adCF67e09,"20,000.000000033128970418",0.0020
970,0x302B6C3897509a5B47095F4e2839e8e79405B9AF,"19,999.999999999999999999",0.0020
971,0x498705A475cE6808C0f37eF59037436707f71dc3,"20,000",0.0020
972,0x1D522bd33cDD1f60Be71b0B7b2EfE4e9F20a5263,"20,000",0.0020
973,0x86aac9C5EdAD79C61546EBc3B4C06534B113a38b,"19,882.372866997141763503",0.0020
974,0x2f9F70F14f02c8dEDF4bE0BE2Ac797276C59a8c9,"19,854.272796046625300041",0.0020
975,0xE64C25478F0Ebd9b62F8e73CD0ED20d0ad54131f,"19,710.144070476651668177",0.0020
976,0x0B98286319377EA8E69663C9961B95647C9054FB,"19,688.041333458990991762",0.0020
977,0x73b56F0DCadE98e0e80B7BA2D24a6Fee610F009e,"19,631.986849660556809602",0.0020
978,0x18B6106688955E694A94A9936A92F53795881380,"19,482.988060442633850336",0.0019
979,0xdf85582A8AB1138d674bb5f301ff6b228e02257C,"19,417.188884310052300834",0.0019
980,0x51f470c3EF0B061b75643a499731a5CB1FF864b9,"19,295.735785754919770309",0.0019
981,0x5AC5e7751f7c2624b529759A977f8e89985afA6f,"19,234.235199814779071283",0.0019
982,0xE43e2F7ffD6b597E9B1eE267A83FD876a657b3B0,"19,223.881165230287922135",0.0019
983,0x3A14C8CC6386883553514e1559fC728d792EF24C,"19,193.546167668250493861",0.0019
984,0xc0C8fA1cE6351380597d30a6E73283E05699D86F,"19,123.00645190089091353",0.0019
985,0x8E4B83a6Fb77eC0b6F7643A28aa024e894dFA6b7,"19,065.168011962706463312",0.0019
986,0x84DDF654322F624E70D70861887CbfDB61D2d878,"19,035.948614514475929086",0.0019
987,0x4808Fffe9e6320c2C965eaBee9f6E0Ec8b748375,"19,027.878495741558427124",0.0019
988,0x30FA8342011b633222cFA5302b7Ae76446127A41,"18,999.06699257005193546",0.0019
989,0xC1b2aFF52877B4a23422F554F3D240Be50eC80cf,"18,987.864986330829309192",0.0019
990,0x158A0e89F200B6448c52A13A1EB75339399E63FC,"18,857.719042727955327503",0.0019
991,0x2F665Ec452584c730C97e6e00F52920EaeEB985C,"18,692.696932098038945126",0.0019
992,0xF07b8D730B019A25e7bCA3a20a88198658B1ccA7,"18,690.757006021441199043",0.0019
993,0x55504B38b4E5dAfD5d328ef756EA3A255FA211FF,"18,657.70814358170084594",0.0019
994,0xc1737e5Cb508630f14224d8b77BEFDB348E63a2B,"18,605.375381922823141125",0.0019
995,0xc399A78eD4230C4b8f3764cB56BB158624DF3D8F,"18,460.571669197393422358",0.0018
996,0x491399200b2064834aE28aDe898C4C6A427289b8,"18,390.84901496881337724",0.0018
997,0xD2580cF1E5c626fcc6D2663Ecf0643501d9B898c,"18,363.878295939047816896",0.0018
998,0x98466e8c96e94FFA64257736aE094a4c989B1576,"18,303.143642518104035624",0.0018
999,0x74E11A196A61f40F055DcFF458c834ed902084fE,"18,294.602650863234975111",0.0018
