,address,quantity,percetages,value
0,0x2d0514Ee4d84dEADe05A11Dee14d720538B56fCB,"26,840,230.725444423409345155",26.8402,"$144,959.17"
1,0xa426d62949107BD90BF6770306a86B3c0e407B7c,"12,396,745",12.3967,"$66,952.55"
2,0xef32a6B3f25E254E7c5D2b70b80d169c5DF0efAF,"12,282,493.921385038048688866",12.2825,"$66,335.50"
3,0x9f2673aaf9Bd2bc4db00AB059dA104Cd621Bcad2,"12,194,155.284837841707477238",12.1942,"$65,858.40"
4,0x6b05288152347813d2fE0EBEC3cFd14155907cc9,"12,185,165.81152482406769361",12.1852,"$65,809.85"
5,0x0BA620398F34df5eeD9045DF68173893DCbcCb28,"12,170,603.995973151961194169",12.1706,"$65,731.20"
6,0xbeB3D5C23DBea5647f204E20126bEcAA147a8FBC,"12,156,966.213031642282076406",12.1570,"$65,657.55"
7,0xc29B4A3551579f0de0b9614bD5523D1287d6A152,"12,141,344.76189",12.1413,"$65,573.18"
8,0xa501D02536F1105dD1a703a9B486BfACC7f685b7,"11,689,872.962852058964157842",11.6899,"$63,134.86"
9,0x83B2A6488E33E0fd12f9664E0a2508d5997C9810,"10,612,599.400945762632102406",10.6126,"$57,316.70"
10,0x628EfCF2358817A06B064eA290cE179D39713959,"10,303,081.3958",10.3031,"$55,645.05"
11,0x425c14B988267874aE61eDcA7C85235557Eff671,"10,300,000",10.3000,"$55,628.41"
12,0xB50b6DA7C6D6eb7529278f676b196E7C54e3dB13,"10,000,778.009729482004449199",10.0008,"$54,012.37"
13,0x396d33CE3cFCEB980282b2EAda3E37f572614Eb3,"10,000,000",10.0000,"$54,008.17"
14,0x7656e966660b7EAd4ed84f766842B5E6B9323DF6,"10,000,000",10.0000,"$54,008.17"
15,0xde6c7f4E3E01fe036e550FfF1fC0E0cE124301cF,"10,000,000",10.0000,"$54,008.17"
16,0xCd66F2Ae46D89dD15C50c1DA0B708A47B3E8AD78,"10,000,000",10.0000,"$54,008.17"
17,0x31460033635F4DAFA99C6b02b4E719b682191C67,"9,847,692.258785905640266606",9.8477,"$53,185.58"
18,0x5c189E3D81D9ADD92cFd518B87206e501943CC3e,"9,697,052.219153087746761737",9.6971,"$52,372.00"
19,0x000000000Ab8Af2f9fFFD660214F27C6067Ed072,"9,218,945.002680783049150986",9.2189,"$49,789.83"
20,0xb3a6336Ee87e7e84E9DF52403a7108b0B58b6FcE,"9,217,666.265354628909915078",9.2177,"$49,782.93"
21,0x47E1b2FCa366C46644D1b0cfc448bEC031b2C59e,"9,139,733.948684378281674124",9.1397,"$49,362.03"
22,0xC4Cf462e12852939b498bf7145Ac8e92bDb5443C,"9,109,277.601972074504229979",9.1093,"$49,197.54"
23,0xc55fd33c52dCB1C40B7f993B40799FaeA601e978,"9,100,872.848248938120292805",9.1009,"$49,152.15"
24,0x18650f2AF3bA269c23b399E71A944E3731100585,"9,029,310.247392269845960599",9.0293,"$48,765.65"
25,0x370B2e0f833d69C581987467c581EA13bF7CDE44,"8,999,999.999999999994374999",9.0000,"$48,607.35"
26,0x239241AaB24d73a701dD1810d2e6eFFE7d2b8123,"8,250,421.143822408060515399",8.2504,"$44,559.01"
27,0x8b5c35b491Ab03b14C950D323dBbAcC126eeCa76,"7,532,918.838127594664046543",7.5329,"$40,683.91"
28,0xbE7D15e7BF25F17Beb5ed5f4362aFD91fDB44177,"7,122,869.12708810614749208",7.1229,"$38,469.31"
29,0xEC75c6358093595D374ec5079709ba273138f266,"7,019,783.585099420333964667",7.0198,"$37,912.56"
30,0x3CA5C06c58fe843DB32AD7BE3E56Fd7bFF233549,"6,982,270.881513981113874655",6.9823,"$37,709.97"
31,0x9226Ce675519cd00A3Fb6E0884840df37341525d,"6,748,305.087390780573236417",6.7483,"$36,446.36"
32,0x292093B976100Ab5D6345540A09fFDC0e54A8C59,"6,725,698.722225",6.7257,"$36,324.27"
33,0x73c19e5aCDa0720E1C8efAEc98604bf651aE08F4,"6,366,330.909769504842491877",6.3663,"$34,383.39"
34,0xb3d64bda8281d97dB1eE630da11167d091413958,"6,047,149.715736516650804005",6.0471,"$32,659.55"
35,0xe8926d5a5ae59383c41CEeEf2E987F42b71daAa5,"5,974,032.711710628227723802",5.9740,"$32,264.66"
36,0xADA3448548AB8Db8A4fA11d69Fe95df12B04d38E,"5,919,282.244977432095752824",5.9193,"$31,968.96"
37,0xF37fa5670870C087C5c8a66f5658285f65B5a691,"5,598,918.413553367012970779",5.5989,"$30,238.73"
38,0x7257dD87d9250FCFAa9b838EFD5f42BcD42f7525,"5,500,970.815582428924918353",5.5010,"$29,709.74"
39,0x6f57C7143c3c41A7c60FA8Ea0A18F17ca00D7dBb,"5,360,337.343111670258529108",5.3603,"$28,950.20"
40,0x9aBccdAdafD704f2CdE291EaaA4796edF8BC31A9,"5,348,724",5.3487,"$28,887.48"
41,0x2e10DCFEFCdA2f726Af7a3D091ecF0A1D6293188,"5,317,434.453173726102382316",5.3174,"$28,718.49"
42,0x61fDB286DF121E946AF75b5ddD0D96fAb2F08E1E,"5,274,353.540321874149779306",5.2744,"$28,485.82"
43,0x635ECdAeA7742a40a338B21C40eaf35F16095ac8,"5,248,366.120631248972715735",5.2484,"$28,345.46"
44,0xFE8bb64A0eF3E534f3039ccc74E8bbAe4c31c6E2,"5,038,013.095506993123111875",5.0380,"$27,209.39"
45,0x59498A29f0DCedbE74CCCAff5E261da8Eeb82043,"5,000,000",5.0000,"$27,004.08"
46,0x0479a02B123DdB559DB1bEa3E6b5386215d2Bf90,"5,000,000",5.0000,"$27,004.08"
47,0xC365BEf2161110d4e9fEA9DE11082194b7C805D1,"5,000,000",5.0000,"$27,004.08"
48,0x86adD617CF39e20B358a28eE7D8aa90A714e3ab9,"4,800,425.665712772598518431",4.8004,"$25,926.22"
49,0x277548054955b4F689a42A686511E92784a3503c,"4,700,906.730122695709517332",4.7009,"$25,388.74"
50,0x3DC2bf9E72AbF5BFf503c5E982E2Af679f2FCa2E,"4,651,276",4.6513,"$25,120.69"
51,0x5e4df5cE9EA8FAfbC5e4DC11d15E82ECf7e54873,"4,514,268.233823157593538564",4.5143,"$24,380.74"
52,0xdc4dAB12C35aF19D7145086Ee51352937b7181a2,"4,387,912.809159758973932617",4.3879,"$23,698.31"
53,0x7750E74C469Df62B84c5a960365c9919e062341d,"4,337,196.541575294126323373",4.3372,"$23,424.40"
54,0xd5EDA82b39D35eAAFE29238F18EDBA6265fEfe85,"4,257,736.94236668548290303",4.2577,"$22,995.26"
55,0x5CF951A01d230BeBB41eefBe7108d8334aD272aD,"4,228,058.35234224293893718",4.2281,"$22,834.97"
56,0x3299b951d3687F1486dCa345620E666836E1F33E,"4,210,932.514575462436944141",4.2109,"$22,742.47"
57,0xC607F6DDF6Edb6b09CEa4c6e572195D64a82f725,"4,159,003.563472897278108101",4.1590,"$22,462.02"
58,0xecE1ba45e0A6B9371f306Fb82b8A3764D8b7B30e,"4,118,632.640562331835364349",4.1186,"$22,243.98"
59,0x910a4F83C67BF3545959a9aeBDce539ACAa5eA19,"4,066,476.539328831963628034",4.0665,"$21,962.29"
60,0xc1A9e3141ee796977eD92C1c6b4B725E4E40F7DE,"4,036,520.506877138391410881",4.0365,"$21,800.51"
61,0x44c13Ec445C995aD0071434805Db36fE73cDF4Eb,"4,017,936.011434016181299624",4.0179,"$21,700.14"
62,0x8F02364F9fa0961f886f8b41480782061333bD70,"4,006,106.67682833843843209",4.0061,"$21,636.25"
63,0x913e1375c797410ff15fc8CF0524472f5c1BeC84,"4,002,259.5286376616903212",4.0023,"$21,615.47"
64,0xF3b914471b4A6965829A192B503917473F0e047B,"3,862,438.541381768908926731",3.8624,"$20,860.32"
65,0xEB3805b8623F9d2C9bE45A7F22E3f41A0C2BF8d2,"3,762,842.763877637689680424",3.7628,"$20,322.42"
66,0x014441730Fe303D14Bd071Eb5c4297B9003bB0f2,"3,730,639.943908372646562528",3.7306,"$20,148.50"
67,0x97e0b94b00C32808E40E893dCC90bBA33C089D38,"3,715,006.237653075223337879",3.7150,"$20,064.07"
68,0x4cd992A681F2ec7ce8A24ba92bFe84D70e9006B5,"3,654,586.194228376181935835",3.6546,"$19,737.75"
69,0x144D33A662Cf57BeBACf836353950aBAacdB4eb7,"3,647,587.771691479730745148",3.6476,"$19,699.95"
70,0x8B93859622e6d034FAF9C4E5e0F2462DA278A30F,"3,633,750",3.6338,"$19,625.22"
71,0xD1E26F90442eE99c1B9d6dEec8C9ADA015B86Cf8,"3,585,420.459322293774278795",3.5854,"$19,364.20"
72,0x775817158a82811c044a6996e276607B89344aaA,"3,513,035.736710352163157495",3.5130,"$18,973.26"
73,0x74F6C7B4942484320d032caC4E3BeDbf8a854E48,"3,500,000",3.5000,"$18,902.86"
74,0x13F3AEb234f1429Bf2FcaDCB3D59e6d9275Ac97a,"3,360,171.918071801871825978",3.3602,"$18,147.67"
75,0xFE79A1F827EE78fEF63dE3deb67095868065E564,"3,358,932.111528159940554189",3.3589,"$18,140.98"
76,0x927F8164Cd4F61Aedf2C3BA1D703FA99aC90A809,"3,300,834.9620697",3.3008,"$17,827.20"
77,0x568C917E7796C56DB5385A2e1AD97E66ec9daB52,"3,221,512.542063076196028616",3.2215,"$17,398.80"
78,0x22A28271b26F7a2fF7D2c04dA2754a69394EC40C,"3,200,504.364535023916776511",3.2005,"$17,285.34"
79,0x0d2ADf38Ca3faff58633aCd070684b0A395F37C1,"3,161,485.84478854307553847",3.1615,"$17,074.61"
80,0x860A31949F83a4bca8BD7c6B123B77AE1aC00fd1,"3,000,000.203337827795305629",3.0000,"$16,202.45"
81,0xE245c170507b8F8c577ACccfA2eeF8B3BCB5F4c3,"2,952,101.963122893097082749",2.9521,"$15,943.76"
82,0x767CBE9A598923C773364957296ED700A5433ceB,"2,930,308.610476251989838816",2.9303,"$15,826.06"
83,0x631ddaD240268e880fbe6705f5505bA921aC8032,"2,926,624.666744977997485188",2.9266,"$15,806.16"
84,0x1beE757CB1017A2732A1E7e567Ca227f694612E2,"2,923,534.577020875900523493",2.9235,"$15,789.47"
85,0x3008A6D71073bb994fc487Ba1F3dd49F9C454aB3,"2,915,168.531219956351109213",2.9152,"$15,744.29"
86,0x437585885904be63e9962ebE96484b5e4C22e996,"2,800,408.222734386624742095",2.8004,"$15,124.49"
87,0x5E8bb488e85EA732E17150862b1AcfC213a7C13d,"2,753,853.677158321223318783",2.7539,"$14,873.06"
88,0x342E2ff1fd776E3661ec2e9A56B971f880467376,"2,753,261.916115280827505585",2.7533,"$14,869.86"
89,0xc486fB432afA129c2184DE46251da3Cd37215E4B,"2,670,600.212034557359646078",2.6706,"$14,423.42"
90,0xb7142f8bC87d5d094F04C277232087F4d22070c1,"2,623,496.752293940693623719",2.6235,"$14,169.03"
91,0xcE4B60F474fbbFcd0C902b4b2c3CdDA43dff0b77,"2,607,439.553985933179023124",2.6074,"$14,082.30"
92,0xbdd35f02B9df7ACc32ffdbe9acdC06ea1324B21b,"2,600,840.728069527464668559",2.6008,"$14,046.66"
93,0x47c1150B1dD3be33e4f63E4066742befd6e1f12F,"2,593,039.598771242315070334",2.5930,"$14,004.53"
94,0x4D93B7d3AF174E51AC25AFB15b23bC64975EC441,"2,550,522.334818669338580897",2.5505,"$13,774.90"
95,0x8d1473505bB6eaA7397B0576600E7810baB3A12d,"2,549,243.498676335998185549",2.5492,"$13,768.00"
96,0x4937aC3f7D06B66be6B7C39E536114F4a042A48D,"2,547,271.675614836240335679",2.5473,"$13,757.35"
97,0x846Ce0fd79c170439E100cbDC3B92313503Bf827,"2,539,224.828901393625117351",2.5392,"$13,713.89"
98,0x84b3Fedd93EDEaB37C12879a7239B8D15072f6bD,"2,500,000",2.5000,"$13,502.04"
99,0x4B66ea2CE4fE93DD7350c02a34D2D7e2FE259b59,"2,500,000.000000000000000001",2.5000,"$13,502.04"
100,0xf32D0c91Cc93C215CB67965596C7cc493561f7cB,"2,500,000",2.5000,"$13,502.04"
101,0x12BA1E1Ca84e252a63D96C6c0C7396897c1f1cA2,"2,500,000",2.5000,"$13,502.04"
102,0x127B3BD44c452d00bdA424536E902EfF57453391,"2,468,081.179643448521502637",2.4681,"$13,329.65"
103,0xFCE49B12017C6fD7984afA95134F3461666f8d4d,"2,452,909.915487046874083169",2.4529,"$13,247.72"
104,0x9F075F9FDf877528A4b0A13a77B2A359c3829d34,"2,436,638.629217008789129503",2.4366,"$13,159.84"
105,0x2e6E8950d8a57FfA3D5e4A9583ceDe2d0b2e3c9D,"2,410,000",2.4100,"$13,015.97"
106,0x6dE5dCCB8E0570357955EF336910F6022cE4A46b,"2,400,000",2.4000,"$12,961.96"
107,0x000000000004444c5dc75cB358380D2e3dE08A90,"2,321,773.781620029120405417",2.3218,"$12,539.47"
108,0x080aDf569fA2BF9f329A94a81bA7e5371Ab8Ab07,"2,299,403.386106079959050184",2.2994,"$12,418.66"
109,0xdE2dA2780877D08e1Ef206167C380A598E8De2ed,"2,296,350.000000000032805001",2.2964,"$12,402.17"
110,0x3f7328A4fe7b956Ac0eB0FdE56AeeE9C9A5c56C2,"2,274,147.561455450431170535",2.2741,"$12,282.25"
111,0x1924a242DD1e6EB0d1306a12dF797B88A0F03cB0,"2,248,283.106619835906764309",2.2483,"$12,142.57"
112,0xF1E9D673B106Dae9C9f0b77473E84f4bCD6c7c2E,"2,231,766.831865032553752189",2.2318,"$12,053.36"
113,0xa22D651a5671118A2Ee9E714577E2132aa6d5BAC,"2,230,394.090748316167436327",2.2304,"$12,045.95"
114,0x68d370eC79994B4D54791105f75C34A9a148F5dE,"2,222,829.410272148157801304",2.2228,"$12,005.09"
115,0x80d0500b79aAaE2f43b153153eCBF2d21678F7E7,"2,170,831.277049217320461036",2.1708,"$11,724.26"
116,0x4808A37A014C1a3EF882b23D148F119f9DDD56A0,"2,169,632.511263143869424146",2.1696,"$11,717.79"
117,0xdD293ba5A549f06665dC0D73904A00f067846580,"2,128,842.140158769032240663",2.1288,"$11,497.49"
118,0x5dB8CD485dd7B85dFD5dBc36d211DBf9e857077e,"2,069,645.754876444383976662",2.0696,"$11,177.78"
119,0x0c9DA8c670f44f530E05df91F2E17546A06EA6B1,"2,045,569.684635826221035253",2.0456,"$11,047.75"
120,0x2355323B3723b2c25b6e29599562AC118b5eD241,"2,038,544.624670628630249609",2.0385,"$11,009.81"
121,0x0fEcD7e7b6627Bc9A87660522E11997BAD75d8aa,"2,024,812.887119682913457371",2.0248,"$10,935.64"
122,0x568E722bd679eE5861AdCD9b01346090e91F41Ae,"2,020,000",2.0200,"$10,909.65"
123,0x5707d63654b3564C8BFfb74fc16E171B8aEd5D26,"2,000,000.000004439626315819",2.0000,"$10,801.63"
124,0xA8b2f37430F909E1b7AEBc2a59b5e6d115C60606,"2,000,000",2.0000,"$10,801.63"
125,0x71b90acAFB8D339F35b23253F5f209eFc7635dcc,"2,000,000",2.0000,"$10,801.63"
126,0xAa8b2de8752191A40656E2acFBb381543F11b22d,"1,993,061.622032320746429904",1.9931,"$10,764.16"
127,0xfba04E5CAfA90D8B7Debbf77569bd405FC9057A0,"1,985,624.915305051404170655",1.9856,"$10,724.00"
128,0xc02D589D60Ce089b0f36948d3232CE798a3526ab,"1,977,241.549331843728230799",1.9772,"$10,678.72"
129,0x831db370b14dddA511676F93333FFf539B2f6FB6,"1,948,511.064953709409142588",1.9485,"$10,523.55"
130,0xf559A188c3DeA68F98614218764307c5cb4591aB,"1,946,295.47813934748103891",1.9463,"$10,511.59"
131,0xe539eeA24f025fC096A4DE727DF1a4341Adf9d98,"1,925,791.555045038787276737",1.9258,"$10,400.85"
132,0x6627562efb5B5c064B55445eAD0aDF4F8EF44da4,"1,900,000.001036804364660783",1.9000,"$10,261.55"
133,0x154C156ba9e478dD53e59543Cfe02575eff665C5,"1,899,999.78052420885808549",1.9000,"$10,261.55"
134,0x10D53d92b019fABA3a8e9CFBE994fa5521FA1432,"1,899,217.590578363124250349",1.8992,"$10,257.33"
135,0xD0189bC676eA5e28c98bd82B4d5309bf851A48Ff,"1,882,977.481664600085835466",1.8830,"$10,169.62"
136,0x8e47d6C9d1a66A24Aa79EF9000c6c4A7B7C4a89F,"1,855,632.059118179712521047",1.8556,"$10,021.93"
137,0xaAfdDAD7402CF31c956babCaf4e4122804327071,"1,853,584.799589190482275176",1.8536,"$10,010.87"
138,0x716E7D55be554d2a9953e9E263fA72881aaFD7B3,"1,842,783.604545120261566839",1.8428,"$9,952.54"
139,0x737Ac41c2033a0a5a5b5fC24BcF1A5D2dAF187F9,"1,833,802.88965762955504994",1.8338,"$9,904.03"
140,0x9ab1D2938598830a871E0fE8ADce712fA6Ab155d,"1,831,331.677610274334405685",1.8313,"$9,890.69"
141,0xc2459D54B32AF66bc1AB52C9C4877EcDC3080599,"1,813,380.719945570613635953",1.8134,"$9,793.74"
142,0x82069E7412a2D4B7d413BF2Bb01795Df5194E253,"1,792,253.310843665054946346",1.7923,"$9,679.63"
143,0x3b8F5f8f2B91d294F396e084731d16a3C84C0477,"1,778,240.838566130096407309",1.7782,"$9,603.95"
144,0x57459BE4688667c05eb7A215296B6C94E83ED80C,"1,764,162.005890378543120481",1.7642,"$9,527.92"
145,0x0AAf93A46845c7Afd2377d40FAE73f3c44b8fc7d,"1,744,516.409164489512961803",1.7445,"$9,421.81"
146,0xAB15C70c6A3d8e9D81bfC56B4f1A10FFE907c663,"1,743,817.747041398976059105",1.7438,"$9,418.04"
147,0x85685B446f606545bb2280aD70C4dF09eEAe67F3,"1,736,158.097930933209806942",1.7362,"$9,376.67"
148,0xA5c496eE8361b1985CD77bb15b3f4aEda830CD4D,"1,692,512.491362109527621991",1.6925,"$9,140.95"
149,0xBf86B9B495f359fBf76249817CC8BD2E88aAb697,"1,664,315.815888721507242452",1.6643,"$8,988.66"
150,0x20EA2Cd00f9F7b5D94c2cB2401fAe237fCB5E48A,"1,640,368.330819381918210538",1.6404,"$8,859.33"
151,0xa9094951e4518A6f2855dcB39accEdC4ac1539Ea,"1,631,165.500033573437329675",1.6312,"$8,809.63"
152,0xD932C8Eb170258A54B1232722616139221a8B8A8,"1,619,495.25429319485454608",1.6195,"$8,746.60"
153,0xBaAAb5dae967780e36F057B036D82568Be140a53,"1,577,067.771870981923779072",1.5771,"$8,517.45"
154,0x06c730086c02DaCAbcF8A89dCf58EE597270aA59,"1,557,754.597565106791820725",1.5578,"$8,413.15"
155,0x2B1537dDAA85B27acDcff6726280a4e8a2463806,"1,549,239.369916824937214697",1.5492,"$8,367.16"
156,0x1CDf6b357987E357eB2a300Dda291983630bBa1c,"1,531,815.925922900743657605",1.5318,"$8,273.06"
157,0xb0A4a9C1F0B807Fa8327881E9a860E542BfE2946,"1,519,600.083719502542797947",1.5196,"$8,207.08"
158,0x79D6F80D880f1bc1671b6fe3f88977D09eAe4DAA,"1,500,000",1.5000,"$8,101.23"
159,0x95d48CE924834cD4f3B9857EA4Ac92e3667b45AC,"1,500,000",1.5000,"$8,101.23"
160,0xB1D71C3Cc121625E7f0b8A41c59515A545d77bEC,"1,473,803.459089911898683023",1.4738,"$7,959.74"
161,0x1d81BEc63931A21dF4e5763Bfc6C0252A276Fa75,"1,469,863.957723736812776005",1.4699,"$7,938.47"
162,0x7674993A8444D4d3704179a11bf41486a9cEEB96,"1,469,834.806833532053978565",1.4698,"$7,938.31"
163,0x0c82c5993EdAc34364c747639719fDD225C8Aa08,"1,463,422.040877869719396196",1.4634,"$7,903.67"
164,0xdF6dc4EC64AA8B3dcdD98DE1dAe92b89d9f2eF6F,"1,455,333.865751511706585487",1.4553,"$7,859.99"
165,0x6e2609760C95fb96C944512BD16D7515C88e78Ca,"1,449,273.735147815510355834",1.4493,"$7,827.26"
166,0xb255db73B6c5a8Eed6FB09a7D8cAd778a312fE2c,"1,433,977.5070981530355402",1.4340,"$7,744.65"
167,0x80aCac7F1A7F614ba30a129C8c8d3Af326B73E5C,"1,428,818.021396786675012945",1.4288,"$7,716.78"
168,0xB13a766ffD0dE867deAC4ffDb7203C5fa97dEc81,"1,414,308.737409727573005641",1.4143,"$7,638.42"
169,0x332b983c92bD0838a86e0F31D50fA54eE02077e4,"1,412,213.848952696991868415",1.4122,"$7,627.11"
170,0x16B663A3D751Bc15F420B7f60dAbaECFB2037524,"1,411,331.27845",1.4113,"$7,622.34"
171,0x36F85A0BB806D165fB6CCE3131FF11FCA1E7D162,"1,402,463.821465871055418238",1.4025,"$7,574.45"
172,0xCcfd3bc2f631ae4cc1be1F8749048104B2b87B2A,"1,373,623.371946098454408923",1.3736,"$7,418.69"
173,0xeBf88C16E578D5DE624c9AEEB2c2f7Ae5196888e,"1,332,579.751164300432525874",1.3326,"$7,197.02"
174,0xfB714B4e56B51905B38B05501b21001A0CFD8e9a,"1,330,469.974128427117544244",1.3305,"$7,185.62"
175,0xcaB7c9B0FC996283bD00753a6aDF664E29439ABf,"1,322,994.844853321904",1.3230,"$7,145.25"
176,0xF9D5326A259b6cdE21869c55de3F923Bfa593C10,"1,303,995.147093271544661251",1.3040,"$7,042.64"
177,0x0bA314920c2Cef12e660A13B860EDC43f40FCA40,"1,303,248.65313909348",1.3032,"$7,038.61"
178,0x6537E1c834ac89ecc36a75180858C7915E4Ba05F,"1,278,505.742001040236498406",1.2785,"$6,904.98"
179,0x4A9e21895A11F2BfE9a94C7862Cb17269BC5ea93,"1,274,279.746287127137029059",1.2743,"$6,882.15"
180,0x7d1ED20Bd14896E2018a0a07290486BcD4729f78,"1,268,153.8973063897403464",1.2682,"$6,849.07"
181,0xda942A96E45a44d223996feD3874CB02F16deaD7,"1,264,399.070222592809781037",1.2644,"$6,828.79"
182,0xEd4DAaF5E86F6edDBD358266369A804563f434e1,"1,256,560.416642162205425492",1.2566,"$6,786.45"
183,0xBD24e1F8ECA8Fce56E7f1e95aF4dd1b594B06f55,"1,256,543.662610479299426659",1.2565,"$6,786.36"
184,0xf83FC5E2Aa844a5e8185836746391cf71C42dD8c,"1,253,741.276993651776994711",1.2537,"$6,771.23"
185,0x48D87f7442bAA9695E895f69BA8A927a3ff0780A,"1,253,139.360020805615980895",1.2531,"$6,767.98"
186,0xfd18D9f9E3118645D35040A6f54be277f97067BE,"1,241,709.89285820424280704",1.2417,"$6,706.25"
187,0x0aaB6edaC7cF869065506A485c721ACa0100dEaD,"1,237,389.647451351027470893",1.2374,"$6,682.91"
188,0x5a669E68C6D9716ED5fc9cEa400F6c6E045B2299,"1,225,042.632540502255660563",1.2250,"$6,616.23"
189,0x967cbd570603930f1c5876782FeDdD726C9a29E2,"1,203,937.360076050726406117",1.2039,"$6,502.25"
190,0x3ac1FA9E95437B298177f9d89F8406A85843Bd4a,"1,198,362.276623769145452832",1.1984,"$6,472.14"
191,0x3FcCcF26e3793e9Dd72Cbbd04B6b916e15468c09,"1,190,695.360367989827",1.1907,"$6,430.73"
192,0x066B3AC55e893ca865975b9A3e50565346940a79,"1,168,852.220956618377556647",1.1689,"$6,312.76"
193,0x3B17FDd632EC7E099805B7CF049614BF9213504a,"1,159,879.635970200949288098",1.1599,"$6,264.30"
194,0x37625615c8673145d612a0332873573C25179E65,"1,155,080.824011567116881894",1.1551,"$6,238.38"
195,0x57B3ab6d363C4B5528bc04E2c6AE6ac047C42B3D,"1,153,314.700845880872389371",1.1533,"$6,228.84"
196,0xdbB2a93AEa74291Cb29eA2fD696AfE3e3A7b0731,"1,152,817.159060604086225732",1.1528,"$6,226.15"
197,0xAfBea7dD662fc3EB0F4DaCC095091a3Fa8214DBB,"1,151,118.712449430171470644",1.1511,"$6,216.98"
198,0x41B685fC27440B335F1192458b4Bd80A2b07CEBf,"1,148,918.846774616211320754",1.1489,"$6,205.10"
199,0xc950B3db185B3a4360815917c0143A76504D6D8e,"1,147,367.133622582120311741",1.1474,"$6,196.72"
200,0x38CD3520243ae08C64F98054c51A4E5755155e29,"1,141,424.963288137748214125",1.1414,"$6,164.63"
201,0x74a4E1fEf40d90Fa1fC28eD6c41dE5Af83d279C6,"1,130,600.480103161685524093",1.1306,"$6,106.17"
202,0x04f111fD80F8f1Da3e2d0D4C1D12c9a96690108f,"1,130,057.495724418456990622",1.1301,"$6,103.23"
203,0x8850D12C9B12fDd31023B69d648C721Ae26c5Eac,"1,125,397.859106113504649338",1.1254,"$6,078.07"
204,0x5544BE3F5f6359f0F4B31392273aB4e12cBc14f8,"1,105,966.561889854639916918",1.1060,"$5,973.12"
205,0x7789219BD920933fAFB9721C8C25e6fFb739fA45,"1,101,853.087204224037571602",1.1019,"$5,950.91"
206,0xFfae4062282b093051B2Aed665Af25F48b4cD74B,"1,101,811.6932627870341901",1.1018,"$5,950.68"
207,0x2cBC4B575306eb2351575d119B58306dF3527F82,"1,101,267.541818765326755676",1.1013,"$5,947.74"
208,0x5A8ECCfC1E61987bE9967be558a533ee27B0a793,"1,068,953.967934749126665458",1.0690,"$5,773.22"
209,0x6B03440CD77521A14e0F78cBBa153d16a82aD84E,"1,066,368.992554184784170084",1.0664,"$5,759.26"
210,0x632F52C617Ff59Efc5609AaD2d52116DbbB1916c,"1,057,737.574299472989095316",1.0577,"$5,712.65"
211,0x9f799D584EAA8109465ff335BEc78Ba858059a6c,"1,049,672.859293042333029867",1.0497,"$5,669.09"
212,0xbBB6cea93d199A454fb161b3FcA5eB4294d5fbD6,"1,049,143.10120732507943891",1.0491,"$5,666.23"
213,0x7E2C8c6dd74D5378710271749848235cc098FF8A,"1,048,327.344093192547174171",1.0483,"$5,661.82"
214,0x585d118310EA4A82C8ad6ea1fdbD26A2971570E2,"1,036,720.193456632603371404",1.0367,"$5,599.14"
215,0x9642b23Ed1E01Df1092B92641051881a322F5D4E,"1,028,985.779921412787427611",1.0290,"$5,557.36"
216,0x3A6154998397441C7DA755e93eEcC2f2460Be365,"1,028,327.060659433702104812",1.0283,"$5,553.81"
217,0x930F61d4E4df28eaBC97559c1C8b4693e0274164,"1,026,252.14776465115681881",1.0263,"$5,542.60"
218,0x48b4e97DfAE0C023Cc36CA9d0c99D466c6541443,"1,018,313.382196429026260276",1.0183,"$5,499.72"
219,0x938B2bc24167B656865a9D59EA7B9b032D911993,"1,012,052.579151536763631868",1.0121,"$5,465.91"
220,0x74265D51127E931133b721E3Cb068080A059cf1B,"1,009,789.590371622149559564",1.0098,"$5,453.69"
221,0x84dbbd8cC8407B2AA9Af1F79C1331FF45419868a,"1,000,964.344403431471457424",1.0010,"$5,406.02"
222,0x585CF65652098a964d052fA3629601b4cDC4C956,"1,000,585.205007563086075987",1.0006,"$5,403.98"
223,0xCC5494f7c0878A727cdb8530d0Bf16e8fbc5dcdC,"1,000,001.047729361317388372",1.0000,"$5,400.82"
224,0xffcc995A004c26A059248C15Afa92F006B315fAb,"1,000,000.888638067966996931",1.0000,"$5,400.82"
225,0xF4Cfa195eeA846AAEe451AB48fE0378e13b03A57,"1,000,000.000000059420540356",1.0000,"$5,400.82"
226,0xB89E31F151AbeaF89580FfEee9dE1607Eb247F3E,"1,000,000.000000000002143705",1.0000,"$5,400.82"
227,0xa6CA72401BF45c7194148C3d98A2E1F8a219b2d9,"1,000,000",1.0000,"$5,400.82"
228,0x89974C7184542cCe03a1410AbCf8A93FbBF9d882,"1,000,000",1.0000,"$5,400.82"
229,0x9c03734422CcbedB0E857D31C3df20113F1B5EA6,"980,131.138065504787543177",0.9801,"$5,293.51"
230,0x511531b5877fC1cc5Cb8Df2Eb2A7b3F48731b691,"972,455.740525104873048381",0.9725,"$5,252.06"
231,0x355b7B00822f64A16bf304C20EE4ee0b244130b6,"964,602.837145100902042094",0.9646,"$5,209.64"
232,0xFACab8e8c5bdfa784Fda2186B4f4A0951A92fCA8,"960,442.341192326097314947",0.9604,"$5,187.17"
233,0x364C7B9B02f1de3FE4C231B138FB79065931a32B,"956,691.114198666797279953",0.9567,"$5,166.91"
234,0xaaE36057E1Bc57a5d6cee476C8c6b4Cf0E2B1D0E,"954,115.670203368717859643",0.9541,"$5,153.00"
235,0x4c224AB49e27ab2e3bFc48d2b3595b7357230432,"953,643.061394139485814847",0.9536,"$5,150.45"
236,0xC88c7052960aB5dBf817882E94EB775603253851,"937,563.440429714853252894",0.9376,"$5,063.61"
237,0x8c4712ABeB16371314186F46947C0bf169a59398,"930,715.998107842202210237",0.9307,"$5,026.63"
238,0x4f2CeF6F39114adE3d8AF4020fa1De1d064cadAF,"926,834.297845786648267227",0.9268,"$5,005.66"
239,0x25DE70bB3343d834A11bf36A6252DcF1806EE5f9,"920,982.937042809814078214",0.9210,"$4,974.06"
240,0xDdA7E3fF06a30dA1E138545dB593F3b1Ce0c0175,"916,090.657772801557743202",0.9161,"$4,947.64"
241,0x9e6eE79d6cf2530F071e24ad0ee050021C866E2F,"915,875.932421956273072851",0.9159,"$4,946.48"
242,0x84faFDa068f92a3B7BaC95Ea5D094f36d81E1774,"915,318.567097685645719284",0.9153,"$4,943.47"
243,0xbEae961DcAbb9BD21b3Fe3087d63B5Bacb2B0039,"902,057.271972925029263027",0.9021,"$4,871.85"
244,0xcE685f473725031447795695EE1EAb6043c95E5b,"894,055.285609373418874787",0.8941,"$4,828.63"
245,0xaB48BAFE349ff133f2848d114771C66eFdA71Ed8,"892,021.293258033260908107",0.8920,"$4,817.64"
246,0x7A86fC224B5A982D4bCA9e8a1F935733d9D0934b,"889,246",0.8892,"$4,802.65"
247,0x5A7A19CA9BF0C3d9517f868D827554C6e7ac3944,"887,408.873228942391935407",0.8874,"$4,792.73"
248,0xd40B55357b6213f67b3802688533bfe34082c04D,"883,342.460271105995480465",0.8833,"$4,770.77"
249,0xd94c3E819c13905F8Ab1A712F48851bd992c68df,"874,914.668997157759354401",0.8749,"$4,725.25"
250,0x9d2DD5589A6393532D9f87EdeC1E60cb6f020685,"873,243.394993549439400822",0.8732,"$4,716.23"
251,0xa81E30D2ED766af0b35A501c162F90a824Ba0d78,"872,179.028950593600882691",0.8722,"$4,710.48"
252,0xf8081928A2EcA65cD32af50e2Ea75Fd9b05C23Fa,"870,550.638327679945286285",0.8706,"$4,701.68"
253,0x0b77B373f847f0a0457F05B888B681bc83bF9854,"864,932.821732209592434441",0.8649,"$4,671.34"
254,0x1f2F10D1C40777AE1Da742455c65828FF36Df387,"860,691.436531867521292105",0.8607,"$4,648.44"
255,0x5B144621ea800708a7D4D50Eff364d0e3862f5cd,"847,467.495298825704913403",0.8475,"$4,577.02"
256,0x68BA8230C27bf83C425Ee495Fba783bF6aE6b46f,"841,137.572638687130328809",0.8411,"$4,542.83"
257,0x288236Fcb40E08f1c30B89811bAf009faeB1299F,"823,768.074843001503163409",0.8238,"$4,449.02"
258,0x3034A67B300Cfa6b352383244136e7047Cbad7f5,"808,435.034684304681256979",0.8084,"$4,366.21"
259,0x133725DefAFA074232DC26e2BF1782870E475273,"808,188.318939252354220358",0.8082,"$4,364.88"
260,0x65106310ed4db20ef6EAcB66778234a566c317f0,"804,790.008636754560689632",0.8048,"$4,346.52"
261,0xE2A850570165190aa22e4b2866Fe96DdA1C0C956,"802,184.19993140079848326",0.8022,"$4,332.45"
262,0xA340511498B34631e39A5bab6438246F5B910fCC,"802,130.753768246444261246",0.8021,"$4,332.16"
263,0x3E4E58134bE92d6B83499be2477469B8F28C4C12,"800,231.021360455228750985",0.8002,"$4,321.90"
264,0x9917A77f72347985165269F9EF3075C8675D7ff6,"798,888.400996284133296936",0.7989,"$4,314.65"
265,0x6523bf259232145d359C98F1a33Ca85671054552,"797,549.469064392469716059",0.7975,"$4,307.42"
266,0x0C72E1abb2d7740EE5294Ba8956E767ca9E759C0,"797,334.35183234765809079",0.7973,"$4,306.26"
267,0x49CbF82EE60BeB3c07597bd943DF4FbCaFa9EF9B,"787,658.754945164046962512",0.7877,"$4,254.00"
268,0x654Ee8783b015B0EE04139d942B6D79B12A72Ceb,"785,902.27536",0.7859,"$4,244.51"
269,0x595586771f1A52C0DDf1c61AD97f71B7C9E008D4,"772,848.937294974222156212",0.7728,"$4,174.02"
270,0x64A23738447976eEd6f9520b9D05043cF4030Eb3,"763,161.179692428876919008",0.7632,"$4,121.69"
271,0x869736B11FaCEADBc5d16f06b24F5df17B481e88,"760,979.225591842730218495",0.7610,"$4,109.91"
272,0x8FCB12Bf010FC93C9b5c97b810d7D349d898E559,"748,872.768343091322028031",0.7489,"$4,044.52"
273,0x22b2315d0a987C0d08a488615846AFa99942aEe0,"747,319.805784175267138783",0.7473,"$4,036.14"
274,0xe4Eeb97c705724898d8C7acf5f2a9bdA480ac3f3,"743,776.170831574059934583",0.7438,"$4,017.00"
275,0xbA5aa4709ea449B33Cd1aD2a0A90A213b14b32a9,"743,666.022094657796777652",0.7437,"$4,016.40"
276,0xda37d4Db9497Abd72cC1Ab2c2A5063ed30ef3Dc5,"741,594.980735618835141324",0.7416,"$4,005.22"
277,0x8F2a8B48AC30280368FF1873Ded9984C4D50A581,"740,905.370206311571984834",0.7409,"$4,001.49"
278,0xd518d18E2e200C7f77C2582Bce3660EE98EADeA5,"740,009.495731429714711188",0.7400,"$3,996.66"
279,0x580553cbcfcfD1A00550c0776651fD6834bCf48a,"735,099.191465055963491942",0.7351,"$3,970.14"
280,0x63c5a7Caf4b0a9654eA8D8Df141b027F03d79005,"726,606.987664302837003721",0.7266,"$3,924.27"
281,0x3BB5F210DB05F8cae516cF9A66De18960D044529,"722,488.756904524204085573",0.7225,"$3,902.03"
282,0x4B39A18798246A9dd11833D725DD363129e71641,"700,059.34516312852716527",0.7001,"$3,780.89"
283,0x93631f5AED49014A11652e1f94EE724357d62118,"691,774.714826819800449912",0.6918,"$3,736.15"
284,0x520BDC334d0E6C752497E08E7865769107618463,"682,655.569362116947402321",0.6827,"$3,686.90"
285,0xeC11Cae419177e6ecE61c6C35DBD0F8e08B89982,"680,789.3926548505272786",0.6808,"$3,676.82"
286,0x1A679DACee25d9B0088e23447B06e954e169EE2E,"675,296.613230347445163287",0.6753,"$3,647.15"
287,0x2922B807615b3f9C7Dd25f9eF399279E3984Ca22,"670,791.275152912408150476",0.6708,"$3,622.82"
288,0xE1fE72152ED47cE7D0592f05905b513FE0007F2b,"667,479.301054216972730031",0.6675,"$3,604.93"
289,0x62758Ada2798F4Cf3CDd7e2627B145dB61D70e65,"666,120.008293866895858069",0.6661,"$3,597.59"
290,0x32b5640f17141c2e23B42C28a754c67e76fb7df6,"665,789.473684303130415249",0.6658,"$3,595.81"
291,0x3e14b3D962AA9b0081237d1fA37dCB0289ea8c66,"663,182.277294173050872897",0.6632,"$3,581.73"
292,0x1E2eF609f0cD613257CA32bD95Ea2abceD983557,"663,159.04360603449092323",0.6632,"$3,581.60"
293,0x6096B44f1443fc949258f2156C655b2882C30211,"658,811.062786377537032557",0.6588,"$3,558.12"
294,0x425eAB7E8Dd74f7b38AE5722c4BFD2a4777aC3c0,"655,181.865300174643226652",0.6552,"$3,538.52"
295,0x853ebD865F975A0E5A0dAAc0Fc1d4De59bf6d495,"651,056.882432732096593065",0.6511,"$3,516.24"
296,0x2DcA012b39d04F935cFb7404F27dBa1935A4640d,"649,405.38477969001593319",0.6494,"$3,507.32"
297,0xf2f69Ec6ac9B2A7A12EC1Be2517E2aeC56fC4783,"648,286.645961753413929893",0.6483,"$3,501.28"
298,0xfA089f15E2C78fFef191B3cEdc74b1A601963022,"643,320.063646471242851135",0.6433,"$3,474.45"
299,0x7e3d64551b486Bcb5902F2e0Bba52153d2cbb806,"640,680.2515338182196227",0.6407,"$3,460.20"
300,0xBb3A484Cdf24B3093582d3A0F206Faaa13b53C96,"638,920.621895161621388943",0.6389,"$3,450.69"
301,0x1a9B925Ce9421475aA137b8d2cF795dF5349934E,"629,502.836518292974071232",0.6295,"$3,399.83"
302,0x18D4e07309626Ae6531846d993b42e20d4D82184,"624,096.912316930454029678",0.6241,"$3,370.63"
303,0x45dE2705824690F4b2b89233cB0c454a2a164d37,"623,763.120526786046066081",0.6238,"$3,368.83"
304,0xa3E894fc2b5C06406b399f753Bf6740e73A6576F,"623,232.678506353978236109",0.6232,"$3,365.97"
305,0xf8D50Ba7Efc0D1D49f3B099Db8048B8d15296Ee0,"622,556.785398434760805813",0.6226,"$3,362.32"
306,0xC6f7b894e90fD095bFd6Fb491Eb7970B38ED9ec7,"617,267.179762779111234717",0.6173,"$3,333.75"
307,0x8a1Dd3B069615D2c9D110539dC9b0fDA5DEE989C,"617,000",0.6170,"$3,332.30"
308,0x54D69840Dc80d5C755d087F1622693829a5C6077,"616,347.500534358886275621",0.6163,"$3,328.78"
309,0xa59D324E7AC501b38e69E841c410A14Fe704a3d5,"614,138.996837384286479255",0.6141,"$3,316.85"
310,0x547E0CBe639F17a4c29f01186c57d7AE6E56Ff2e,"613,980.004345399606796134",0.6140,"$3,315.99"
311,0x6a0128041016Bf448B6E90DF0aE0Bd2a7b15b12E,"611,717.678539761251986074",0.6117,"$3,303.78"
312,0x82eAe1A44661F94111C5bb9d3dda82E30d907092,"600,396.231435310391974345",0.6004,"$3,242.63"
313,0xD87aBF9C8d03376Aa5e4D5B4bE6869B576666197,"594,646.464269290414119581",0.5946,"$3,211.58"
314,0xdb51936CD2D35B925E5Ff04ef135101B796C65b9,"594,562.234582873932329592",0.5946,"$3,211.12"
315,0xa13c663583ac5e2D71978F4C67d9841F8C39c5BC,"590,933.023052401290764463",0.5909,"$3,191.52"
316,0x1c8c7b45237eeD95347b91A8Ec12A69456ada3Ef,"587,142.192740655761591943",0.5871,"$3,171.05"
317,0x56390CDd88646f421f938A6aD77dd938dD4b8558,"578,327.288279981571336941",0.5783,"$3,123.44"
318,0x78C4C1E29caEF164e164E49eD349311123Ef8A3C,"575,125.18274540749664655",0.5751,"$3,106.15"
319,0x710DbC173f803986bD8E02ed117138d7C94093fD,"565,938.437945125465797291",0.5659,"$3,056.53"
320,0x9ce7d7caEffD3F18594fc7bC64ca55DEce61cE05,"562,894.819595551446911652",0.5629,"$3,040.09"
321,0x20A64670301C90E71482245176F0FB7d0Afa13CD,"562,540.632683523484410465",0.5625,"$3,038.18"
322,0x9A7fE217711dC1946076d8fe4eBD135bbaF6d3f0,"561,346.06985425506760269",0.5613,"$3,031.73"
323,0xaB7c91e18C5F37b3D24da80562e8d99Bef6290Dd,"559,504.672001587104110339",0.5595,"$3,021.78"
324,0xFc0532CF16e6Cb1fd134a93F6403bFeAAcba8762,"557,553.339702279483081514",0.5576,"$3,011.24"
325,0x041e59f4bDa5eBfab3b8E4aB38Bd15Fa27AD3991,"557,403.109959629777654634",0.5574,"$3,010.43"
326,0x62EC5D7D885D50CA3b9499c0ea6c9C9034344827,"553,185.045937193293953822",0.5532,"$2,987.65"
327,0xF9475f9EE4dE8097DaA02d2D0eBA3731737d33B5,"550,000.000000000002305662",0.5500,"$2,970.45"
328,0xf75499210972a5C2FC1b5886EFb5851320471B9c,"548,438.962011296090228012",0.5484,"$2,962.02"
329,0x20838B759cA8f3F2e9Fd89C9fD540e6528f97558,"547,573.903041290900479953",0.5476,"$2,957.35"
330,0x3554304a8064FE4a2708aF85D6624AA3FBEF0EcA,"544,824.330395193011739643",0.5448,"$2,942.50"
331,0x8c29B1fEc08fFB588503ADe34d8E198b056811E0,"543,397.550850947257515302",0.5434,"$2,934.79"
332,0x796b117972df9FfA421aF8888487C4B22E261428,"542,709.030437585680753257",0.5427,"$2,931.07"
333,0x8fDfA3F6A56a0aa34338c90BEc5237Cffd7ef5d8,"540,391.150402880396026784",0.5404,"$2,918.55"
334,0x4eF0fBc716F8744367b8Ee6938c8730F34772646,"540,035.811713881681867055",0.5400,"$2,916.63"
335,0x04Eb8143C71f016eB613796eccA7E579aCC2b6A4,"533,450.981107496503496361",0.5335,"$2,881.07"
336,0xA2d69f1FD7207D89e44e8023E840945Bfc55779B,"532,911.370590468336080534",0.5329,"$2,878.16"
337,0x3D04A17d0FCAeA60BD2d53f580953DcD53fE6Df7,"532,037.06196090573692104",0.5320,"$2,873.43"
338,0x6c7ddE1DE87038B1D1Ed32B23078434A442037c1,"531,574.324772323461887532",0.5316,"$2,870.94"
339,0x4B6167c862cEf9B607037E0bAbc6dB46e876a4c9,"530,757.864648799587916534",0.5308,"$2,866.53"
340,0xBd6bcDFFA043178a299815D4B614B292c9D3865A,"524,955.180778742451163912",0.5250,"$2,835.19"
341,0x36bc49DBFEDd6694e6369586A81ea152324544d9,"522,137.288724014018344441",0.5221,"$2,819.97"
342,0x779b4BAd769446B049c88F49EbC7e88Fc8114446,"521,952.875332318762495796",0.5220,"$2,818.97"
343,0xF28F9A2940d14F3d584Bd1F0F960C28392347Ff8,"519,745.037775171475948551",0.5197,"$2,807.05"
344,0xcfC4dEe0BcDf1Fa7fd876295aACd1a1C03dBA7a6,"517,658.14657251072495869",0.5177,"$2,795.78"
345,0xc1A8Be80C62901dF2e9e4F9BCB004F18761e6EB4,"516,457.359359011338128662",0.5165,"$2,789.29"
346,0xa4741Ca57A8493F6CA900bbD2c80c4Dfb998C917,"514,887.777014764515510208",0.5149,"$2,780.81"
347,0xf6eB5a5350921DF635e133aC376524EAC0A0404a,"510,639.262123377051648589",0.5106,"$2,757.87"
348,0x20cfDa71ecB98f199d778Deb1Ee23Bb0B04899B6,"509,588.51009114621481969",0.5096,"$2,752.19"
349,0xBEF9fc7326D7437cc8d8B412Ce5A98cC4017e7d6,"508,516.185490109429253001",0.5085,"$2,746.40"
350,0x3f40502c5252701445789edE87B9Cf262dA5D9dA,"507,707.140456621047572546",0.5077,"$2,742.03"
351,0xC405Dee974897156e5d41A0381202316c9578aC2,"506,176.371718320310181923",0.5062,"$2,733.77"
352,0x21619aC5A72547cb65850F022d289a3133388aE2,"504,789.139238301728122731",0.5048,"$2,726.27"
353,0xB78F76c3A795849AC4E4c1440Cb02BAC395dB2e2,"502,281.587592545688873866",0.5023,"$2,712.73"
354,0x85A183B2e67be0CFfD609a352c62c701e3DEe4Db,"500,632.97494",0.5006,"$2,703.83"
355,0xa45e42182332Fa7AF59c76c820a13e7dB96013d6,"500,082.470998283122489253",0.5001,"$2,700.85"
356,0xBFAd9f078fA28f5cA63ef19ef67EDEA67590e9DD,"500,000.174033697805812536",0.5000,"$2,700.41"
357,0xb1dd3905E04a9a006dea2939d0ecB0f2F3B1A8df,"500,000.028359587858196533",0.5000,"$2,700.41"
358,0xd04885508ce906B72CA98Caa6BdEd6c17FBcBe67,"500,000",0.5000,"$2,700.41"
359,0xCDc34D8C660FB5058E3Af65b44f1AE17DD57D235,"500,000.000000000000000001",0.5000,"$2,700.41"
360,0xf6e7C5cD9f7e2bc9634a197E42783354Fd354a5e,"500,000",0.5000,"$2,700.41"
361,0x28c311A98c0CC6779E47b614BA0619B3Bc28017E,"500,000",0.5000,"$2,700.41"
362,0x970ab33a531B57654C1A2Eb1DaaF098Bbbf80101,"499,840.640709482777297506",0.4998,"$2,699.55"
363,0xf2A4f7F8530985e4b107C1941d5143DAccbe3199,"497,900.12236760710233512",0.4979,"$2,689.07"
364,0xF17B25d6ECd4754Fd50062132e49028E6bEA5bA3,"495,899.786060588047674171",0.4959,"$2,678.26"
365,0x18E96D89790F877087187556cac596D1a71db94e,"494,747.118772482362159186",0.4947,"$2,672.04"
366,0x1CDD81bB944da52c04758d2938DBd0a1bF003a41,"492,507.587325838606485701",0.4925,"$2,659.94"
367,0xd40C31d8122ceF902A9cAa24FcaF20ccfC1ebEdF,"489,977.538351693306261135",0.4900,"$2,646.28"
368,0x81B42A1dDf7B67C715C820C007c2Ed498Fa5B863,"488,259.904009263388584299",0.4883,"$2,637.00"
369,0x980528DbD8F8ba895616b22529F3f60BA16f41dC,"486,222.651206874889378677",0.4862,"$2,626.00"
370,0x5a0aDe17573FdF73FEA467B4ed3E657Ac1212B5D,"485,321.428470775844015873",0.4853,"$2,621.13"
371,0x9fA53c769bc103254Dfa3a325B7f4eCB5BB84Fdd,"482,364.718148124560744753",0.4824,"$2,605.16"
372,0xd2553B673FfFD25CFCBb345C48C74cC17AF1F374,"481,626.437438521603858493",0.4816,"$2,601.18"
373,0xfAB6B69fcfDfEb9337d95B11B48500F200EC49c7,"481,174.437470630385929095",0.4812,"$2,598.73"
374,0xAD5f81f0C2fb814742d2426A4cf1DeaB44946397,"481,151.726041508802946191",0.4812,"$2,598.61"
375,0x3B6B14267e8Ff073fd6f049F2Ee837347EC48F72,"480,000",0.4800,"$2,592.39"
376,0x5019d66885Ad24D17456F44a7488c85DE39A6647,"478,628.993519953299683283",0.4786,"$2,584.99"
377,0x54C96C638A6f7E2aD13223F87cbf3feADb7157d5,"478,097.766554375061587571",0.4781,"$2,582.12"
378,0x46AdeaEe62A4551a326D5f6F31427915b51B3667,"470,344.387874017258531963",0.4703,"$2,540.24"
379,0x49619C2960131ebb4128f660A788ec1FAf4F0972,"468,468.899056535934477509",0.4685,"$2,530.11"
380,0xF4F906380bde006E40f60123C92814b27ebFDeD9,"467,084.874859511426211939",0.4671,"$2,522.64"
381,0xeFc9a1304B558eb82ECca9E8E0ed78b1D4b06260,"465,762.964937968335219809",0.4658,"$2,515.50"
382,0xd6995EA291F81De892B04bdE854BedBC6D744356,"460,000",0.4600,"$2,484.38"
383,0x4ee99F25613565ce9C0Dd8C3a79466bbEF2Cbee2,"454,671.447128675670116029",0.4547,"$2,455.60"
384,0xbEDf9fc688128A3046DCbb200CB80fee25F5bbc3,"454,414.950520633265400229",0.4544,"$2,454.21"
385,0x0a95177b333D25050cb1B29C684a79890C2958e7,"454,330.826706939883991325",0.4543,"$2,453.76"
386,0x365159D20052f52ed91c95e724b905405e5dafCC,"454,158.372478206917842405",0.4542,"$2,452.83"
387,0xFef9acD062A143802AbEc29A2B11FEe5eCb7d5D6,"452,158.16737598540445736",0.4522,"$2,442.02"
388,0xcC6b685C65A990e9A9DB53ce588b9Ac3F0e89f66,"450,290.541498901872452838",0.4503,"$2,431.94"
389,0x28212A12fA0dBB8D046A9A74bef128E11C58B0b2,"450,000",0.4500,"$2,430.37"
390,0x77B34641e4F6B9D6bcaF41d3FB960aEe42c3b636,"449,805.3483396687986688",0.4498,"$2,429.32"
391,0xBB6F126B6821788fe30B4d5F8B2DcaCE8BB59693,"448,542.130855239768126736",0.4485,"$2,422.49"
392,0x8130D7E3c46651e6D0103183dAE746ABb4dAF387,"446,999.026109736255472468",0.4470,"$2,414.16"
393,0xFf2613fA5a88892C4e05555e10F54E653a8320a0,"437,328.096679687500857344",0.4373,"$2,361.93"
394,0x5ab80172d8dc3bD01507365CeDb087f467Fd6de7,"434,510.483146496230068218",0.4345,"$2,346.71"
395,0x5A4C4829D43aECacbfa35aBE84fdb04cCF23a310,"431,698.780237180849957858",0.4317,"$2,331.53"
396,0xaE98f220030363098ad79d33bF20CB8A2413D699,"428,718.844566979399877136",0.4287,"$2,315.43"
397,0x254bcFc10625b1edf19dDA79e4Cc842a32b3401B,"427,301.574234218235412009",0.4273,"$2,307.78"
398,0xF450cb863Ba4Fb6a98A247676a710795974DCb8C,"426,304.467077308174211986",0.4263,"$2,302.39"
399,0x61E3755B6072455A045855f6ADc437a6b6361767,"426,245.256569023282916864",0.4262,"$2,302.07"
400,0x5Ee383caE9082c543454311aBD4Fd86554A3815d,"426,061.224888441272625933",0.4261,"$2,301.08"
401,0xb44929D56899eD7e007183F14259fD1D9d59EC55,"426,046.057947838823721522",0.4260,"$2,301.00"
402,0x08127148526CC3f4682c52bbf8e257d0B6b40bca,"425,916.313007281234898118",0.4259,"$2,300.30"
403,0x4Db556a8c63A875337c601594dd9a014775360ED,"425,011.244013338506550156",0.4250,"$2,295.41"
404,0x7D58866624149263d501790D190FC8EE184dc64e,"424,419.213941646414728482",0.4244,"$2,292.21"
405,0x9f179c72ec9E2E5253Eb1eC9413beB6f485FF842,"424,056.723116255059549137",0.4241,"$2,290.25"
406,0x0FBF08fdA9ce3D4EC803e633477a40A77d5323f4,"417,358.274059596808568238",0.4174,"$2,254.08"
407,0xaBd1dFb23cFB2850f6683309737EaFB216147dFb,"413,239.092872903977081793",0.4132,"$2,231.83"
408,0xd91a0e0E519e27a2d0C045F35F20b840980eaB9F,"411,295.838136887061427736",0.4113,"$2,221.33"
409,0xa8a155f39187cDC9129eBDc57AA103204B8774B8,"410,528.342409220491672378",0.4105,"$2,217.19"
410,0x180332C15Ffd381FB32570ab3036E56Fb07677E5,"410,436.372107636563661633",0.4104,"$2,216.69"
411,0xF93D7378310BDb94796a0a1323433d02D00039cE,"408,324.190585930494433748",0.4083,"$2,205.28"
412,0x9cB64fCD497a88B683B4F14dd6FDF4c8F4d91AC7,"406,902.783253064941605778",0.4069,"$2,197.61"
413,0xFBC0b98978CF817377bfa9E44a4D2bD2d614cF43,"405,639.048199465404176317",0.4056,"$2,190.78"
414,0xF7C9E2920B7B9032B6Ee2A5227544f1f9Ef9a368,"404,895.69768192696593104",0.4049,"$2,186.77"
415,0xeF3C0d32c43d526C0A2696aFeb564B915057BBd4,"404,204.512846379962609415",0.4042,"$2,183.03"
416,0x0C90Cce2CA34d78e64f846389A1D36944b490370,"400,000.000000000003555068",0.4000,"$2,160.33"
417,0x459e0E3031a9502eB8FD22cB64fd7918f6B53A73,"400,000",0.4000,"$2,160.33"
418,0xB2eB2b7F693d482a3B83247D9Fc498e43CE5f30c,"399,313.145335617676213439",0.3993,"$2,156.62"
419,0xdBb30DbE87533B898db04C0fa8167E4823BA42B1,"398,015.036141326648865818",0.3980,"$2,149.61"
420,0x31BdBb2424210Bb96763641ac6fDb16B9334004B,"395,628.740877634628714803",0.3956,"$2,136.72"
421,0x398b095EB133d28E74746CF9204862e282203dd8,"393,635.666863787475813297",0.3936,"$2,125.95"
422,0xFF32512Ae1C41Fae43bA1c3Ab5C5Da229FdDEBe5,"393,386.692749295966978536",0.3934,"$2,124.61"
423,0xdCe53058759035b4A6009DE087D6B654c8701179,"391,045.423754783990750374",0.3910,"$2,111.96"
424,0x96089807bdC6b9ed21B9A38fe5C7e55D2D9a6726,"389,798.148809070055332557",0.3898,"$2,105.23"
425,0x0aDE710C5D44C298dAA370275F90f73f65C3D01C,"389,282.221179990603728282",0.3893,"$2,102.44"
426,0x26b5a21132c5471ac7cCEF16c99A2Ec16FEebF98,"387,416.187642891471961857",0.3874,"$2,092.36"
427,0xdCe6b754430d3b64a0142C97af336D5DebEa5A76,"387,059.28994348720501141",0.3871,"$2,090.44"
428,0x180190fEBD46fbfCc163E397d7b142CF07CC738B,"383,839.299761437137846413",0.3838,"$2,073.05"
429,0x56450827b955b44B40d55168641aFcBA79C38076,"383,024.466168242633516885",0.3830,"$2,068.64"
430,0x50c82355CFaecd489D6575772BAEe57cB8e54416,"381,819.331941904167552619",0.3818,"$2,062.14"
431,0xd022BdEc5915AA7B2Fd8dBDC7BBA9b50E88cc49C,"370,465.490508145513297713",0.3705,"$2,000.82"
432,0xf7b4FF31422206EC4eb427e69D27a9b93faC0c8C,"369,503.444885057727056992",0.3695,"$1,995.62"
433,0x21eA9D95B03E2714Cf0F0eF3A2C07efcACca3785,"365,597.56034496410204324",0.3656,"$1,974.53"
434,0x7d8DdA34B559Cb3790B0D97e4E9A3DB2D4723173,"362,653.253174844834457023",0.3627,"$1,958.62"
435,0x9ec4c34F8C75D2Dd06c94D64ed059F29Ed68D7AB,"359,236.649551936745052829",0.3592,"$1,940.17"
436,0xd6AF18D473524b18454C6dD5f9d61fb28ac59239,"359,169.251539134696984398",0.3592,"$1,939.81"
437,0xbE44c986B2193007d3ddD8b99be64Db715CE99ec,"357,974.487753844867081026",0.3580,"$1,933.35"
438,0x896846e3915D42b5100A247834865732DF7E9646,"356,395.472666198875599665",0.3564,"$1,924.83"
439,0x1f58924e8059B20934E9f1ba84A3d3490B684101,"355,668.280763835639886304",0.3557,"$1,920.90"
440,0x48F3f589900611334dFCF97E08Fad1C9B0959968,"355,113.817843443974822764",0.3551,"$1,917.90"
441,0xDf64AeeB41B8e9BACaD6aB148C176b2796E6363a,"353,330.146300802784710936",0.3533,"$1,908.27"
442,0x449e04d522309202840834E1623f174487cC53A2,"350,793.04807030811864611",0.3508,"$1,894.57"
443,0x360D14b0A20557608f2ae8Efc266B1b6C3730fC8,"350,421.327602434803635914",0.3504,"$1,892.56"
444,0xf06f41Df2D3EE12BFa4835b34c8dd4765837021a,"348,346.822337223289901824",0.3483,"$1,881.36"
445,0xE72a06Aa392C4637b9CfF7d74e2d6f020ce21ee7,"348,229.89790702922576353",0.3482,"$1,880.73"
446,0x24D6F00c1c894Eb7AE6bbd3c6766bEdD480e8ee6,"348,203.596143861546028946",0.3482,"$1,880.58"
447,0xB1709011f28Db7aF7c7F09336c75F022c61496d9,"346,383.225573206144666634",0.3464,"$1,870.75"
448,0x6E96946fBb572Cf91b448B53924D73D20B794173,"344,424.634586686133484394",0.3444,"$1,860.17"
449,0xd67852c132eD0B4c288A97eea445fC44D8773713,"341,740.386055661127889041",0.3417,"$1,845.68"
450,0x39822F9C7c9aF6a8a9fae0558F8150aE3F0B24C5,"340,000",0.3400,"$1,836.28"
451,0x7E3d980d5292486A1E50473D1E6221d516D03cdE,"339,267.933999956575641228",0.3393,"$1,832.32"
452,0xE1DE157EEA2c00CBA9FF0318f96Bc5CFA04BeA16,"337,000.799122257331000065",0.3370,"$1,820.08"
453,0x4A36837298dFa7bDC5030ce353B6b409Dd8Fd075,"335,208.594016208791330892",0.3352,"$1,810.40"
454,0xCeC27731afCBc7A7172D73F3C886e916dB05447d,"335,019.669898468451303407",0.3350,"$1,809.38"
455,0x00E96C232eb2653A3b8F6d5c740a3b22FAE6aFd9,"334,339.288972033617012627",0.3343,"$1,805.71"
456,0x5bB28ec96b81C0C0Db9ddE918E7733ce88289839,"333,634.761510992868526955",0.3336,"$1,801.90"
457,0x955E91E54d848309dEEbb9f282320137f535c3Eb,"331,984.478458243408012514",0.3320,"$1,792.99"
458,0x54297E57a78Fc2D68B7734fB21ec2a1c29cc8806,"330,302.448647399347287944",0.3303,"$1,783.90"
459,0x30a117b65b8753bc119c66cc04cf6D04a3505A46,"329,467.537689006033507209",0.3295,"$1,779.39"
460,0xe86Ad6F613d422BFf7f361117913417473190f4c,"328,879.731725219215880947",0.3289,"$1,776.22"
461,0x077617cDd952c8063F384aa74871579c909272F7,"321,584.039689419130062397",0.3216,"$1,736.82"
462,0x6D5D0ed9bBF3a6f3f9CCb59d4D1e1A3CCab36944,"316,348.548620332761468922",0.3163,"$1,708.54"
463,0x17060119AC9d9a9A33a7792aA40B66D08c13e9f5,"312,645.302810390465150054",0.3126,"$1,688.54"
464,0x6639b10a0Fed2eA70c0724346192A0B7c914D576,"312,330.964415113618675973",0.3123,"$1,686.84"
465,0x2517258697a45F8497694F322Dcfc6A4460efa08,"311,480.277540264440963027",0.3115,"$1,682.25"
466,0x954234af4C7B2CFD1BE05510Be6600C2d1e84C89,"310,994.360241397244870906",0.3110,"$1,679.62"
467,0xdfd527042BDC4Fe744B0350DA364EC7F2748d2a3,"310,000",0.3100,"$1,674.25"
468,0x647F81c3DE8f9D7c780C32cc5E93400601667aF1,"309,909.429331680087320004",0.3099,"$1,673.76"
469,0x1A21BE28Bb7CA2935a083AC2dA2E38a7028CAB4d,"308,949.818236974012182105",0.3089,"$1,668.58"
470,0x64700AfeA64F7645325c81eaB1b1fe8E85CD32E0,"307,749.79988678924132998",0.3077,"$1,662.10"
471,0x4BD9d4ab5FCbE9e8d16EC6e81f29eaF96b107D20,"302,873.744913474562890916",0.3029,"$1,635.77"
472,0xebE1Ac4C1134b8f46766890aE9E4f2063F7719AF,"302,022.342009819007359158",0.3020,"$1,631.17"
473,0x54Bb72c70f14C2561Bb52e4224b58EFd72EfD5d6,"300,064.929901948230724617",0.3001,"$1,620.60"
474,0x2C634A8876F0C195AC3208eD9859DCb1c150cd5f,"300,049.544907775663107834",0.3000,"$1,620.51"
475,0x16A2e365AD1374e33e96C36589fc63BD2825A8c3,"300,000.65715338246867696",0.3000,"$1,620.25"
476,0xf66a05F3231F1981670492c2E61731414a11d0FD,"300,000.000000093962103915",0.3000,"$1,620.25"
477,0x51d845648FC85ef7cC90fEdd20D86872b17aE7a7,"300,000.000000000003022212",0.3000,"$1,620.25"
478,0x67Bd69AccefBC3fEB67a6F1AE89f29c628De1F2e,"297,268.506635767279079465",0.2973,"$1,605.49"
479,0x96AdFC3ca77380F38f90F1Bd4d6e6Fe3fd82f722,"296,443.52958963894993933",0.2964,"$1,601.04"
480,0x5C2e112783A6854653B4BC7DC22248D3e592559C,"293,152.760548295682762649",0.2932,"$1,583.26"
481,0x46871a8C56f1F91AbAfCAd6b489a3c99b0228e78,"290,046.424957237419311665",0.2900,"$1,566.49"
482,0xf7EA24b50E6B1D54D6E5CF628DfFE27278447e02,"289,319.715236736540615803",0.2893,"$1,562.56"
483,0x74e4214b4546Fbb2f8A4E478d3E6E67B504BB165,"287,954.65608108672771693",0.2880,"$1,555.19"
484,0xB3fcF0a6e1c7A15bB3d91Ec352B2E62E8bE5d05F,"284,804.391689051209432682",0.2848,"$1,538.18"
485,0x311a11C4D3cf78D7510A23c937ea8C7fe21a7ca4,"284,463.468389504717330502",0.2845,"$1,536.34"
486,0x7809Eb74fF66af58F3bcF249770aA1F2df1853e1,"283,023.383075019867700296",0.2830,"$1,528.56"
487,0xeF0DB78BcdC50651864B71e6324b08569477B80a,"282,332.302534930127379515",0.2823,"$1,524.83"
488,0x4C5f63C50E0E42a92a07e74adfBd1f5F6A952Cad,"281,970.424768560859040406",0.2820,"$1,522.87"
489,0xbb39E6fB8ea13B60bD63dF5bC9661a84391415a4,"281,752.146017323444037492",0.2818,"$1,521.69"
490,0x341460F905e18E91c96b805312DA1BaF77d7874D,"280,845.696713904791776758",0.2808,"$1,516.80"
491,0x0Ba9B75B470EA2419a35813552DDB5B34Ae793FC,"278,734.079263640655742475",0.2787,"$1,505.39"
492,0x1f413F37311b5D7Cd287a280e77c22B47c74c094,"278,275.276637028952167104",0.2783,"$1,502.91"
493,0xeD0322971b11af0f29AcF86Eb7cF7226208af5dC,"276,494.025374997251010096",0.2765,"$1,493.29"
494,0xb4ABAE1063ba6E735248684b0C64dC9e8f4b3761,"275,621.34627384785109555",0.2756,"$1,488.58"
495,0x6536D92D6018eE4b71abBf127fEa4DA643c005c8,"275,602.172469080095505769",0.2756,"$1,488.48"
496,0xBD401f384636113Dac37C6D67ec5066451908E27,"273,978.62912446500853764",0.2740,"$1,479.71"
497,0x05457c9d07F2d4F6C97330CE6D5a7671061A2968,"273,877.519056004969819634",0.2739,"$1,479.16"
498,0x4e97F33E36082058B6Eb3208f94359C206C4469D,"269,810.520997986077442939",0.2698,"$1,457.20"
499,0xf17836Ee2CE405AFF3A5bad16a0C88C22Aa4A440,"268,120.353024862744509846",0.2681,"$1,448.07"
500,0x0fca3Ce2B8247096D8ef1573Df0c920D5ffb6DB9,"264,504.931246391888197151",0.2645,"$1,428.54"
501,0x4830764Cb1252Fc7553231E2FBF5b09961a29c59,"264,411.62527988132714048",0.2644,"$1,428.04"
502,0x47a5538B36B08720A13AA8BA462f667F58F5ee42,"263,995.589062722754584917",0.2640,"$1,425.79"
503,0x492cb9715AB33fb95ad34683599112f948fe8d5B,"263,036.127337750101465962",0.2630,"$1,420.61"
504,0x360f3F8AdD1F03ee108bD219068F1CAF9f3b86A5,"261,653.919216800896567971",0.2617,"$1,413.14"
505,0xbf09E9cDCd403094Db163cF7384A5A620140140f,"261,211.2274226013766854",0.2612,"$1,410.75"
506,0x613A81C151449dED3c4042D2c8baEF7946426B4D,"260,159.751567782767337444",0.2602,"$1,405.08"
507,0x31Be0E22dc9861858020a32FAc56F7FceD0A3F9f,"259,196.097647498161198389",0.2592,"$1,399.87"
508,0x5998A0Ed229d7D80F7eebaac1fa0E0459eC5C615,"258,865.181365130772289877",0.2589,"$1,398.08"
509,0x059CDc084e4bf50d74534802DA5E02ECEad90D12,"255,965.72795255607458513",0.2560,"$1,382.42"
510,0x4BdcdE5E43F4931AB241a5C1f287DcaA8bcCf522,"255,106.059139047606550831",0.2551,"$1,377.78"
511,0x0d6fA883cf0Bfa1D9fBbb77119dF20A3B5AE934d,"254,976.917677017068228122",0.2550,"$1,377.08"
512,0xaA108D70c23e3023615BefF2d93dbf5694E4cFf9,"254,879.05106519024192799",0.2549,"$1,376.56"
513,0xC640156596E0F2e07C9721646dedE828be8E47de,"254,628.7909312241714673",0.2546,"$1,375.20"
514,0xd7DAE05143C5101aBc063393Ac5d8ED1Bd000C58,"254,309.323430826608817723",0.2543,"$1,373.48"
515,0xc54c24FFC7a17332f672207BCfB74c6ee6Fb53ca,"253,941.357581705947288316",0.2539,"$1,371.49"
516,0x43BFd9bC93fc6e837CD3C946239ccF38163e05Ab,"253,147.600949980195679817",0.2531,"$1,367.20"
517,0xc7A5E756696F87Cc363e44926d4e9abF8Bf5ebD0,"251,147.633333116153043647",0.2511,"$1,356.40"
518,0x6a036c7f14EB46e8C6Ad1aA2fF300c81077fC0b3,"250,382.665911841574948883",0.2504,"$1,352.27"
519,0xA4f1896872e7055a0Ed4cB17810e1431ac8B0773,"250,000",0.2500,"$1,350.20"
520,0xd0201837904A90AA676Fd61AcdDa15830545f58D,"250,000",0.2500,"$1,350.20"
521,0x49736acD0F4f6910BE16CFCD245C5aAF831642be,"249,280.098590257771962237",0.2493,"$1,346.32"
522,0x95600Be8302B758e83C4AD143300C4374590bCC9,"248,972.926870295534828541",0.2490,"$1,344.66"
523,0xcfB07ba583689B14133D63e8e8fD894cd4023104,"248,224.035595124424276529",0.2482,"$1,340.61"
524,0x3437F4D1d753A9418bce3Ec12734135B544e01F8,"244,608.206542385130541995",0.2446,"$1,321.08"
525,0x2872E055Ba6C910Cc443D5e443ef57Bb1EA9Cc37,"244,380.859327844959072518",0.2444,"$1,319.86"
526,0xd6430009c8663484CEFd1A1a187B4f4c8A3ED9A4,"241,285.17164567984044069",0.2413,"$1,303.14"
527,0x3167343709717720f6462fc03815CC4DeB4019db,"238,893.37964839967988391",0.2389,"$1,290.22"
528,0x0c02b0153E7D0114136E7149441cc41bfBe55Ec2,"238,296.9803963008279084",0.2383,"$1,287.00"
529,0x75DcEEB66a79aF8Df87AFbd573139bDe0b970cD9,"235,237.912073661743241282",0.2352,"$1,270.48"
530,0xD3029225ecF009B196b8358D9E897344c0f610c0,"232,823.394790710946401338",0.2328,"$1,257.44"
531,0x834f6Ff31bCa632d39a28d2b18E87192EfF975E0,"231,941.979631703444051718",0.2319,"$1,252.68"
532,0x1B67Ae7bCbC72fe443e125A2832557A60Ad606D6,"231,000.282964653770517812",0.2310,"$1,247.59"
533,0xc6F30da903D1e2B0501caF4Fb22143a1BcdbA6B0,"230,977.008051123441712959",0.2310,"$1,247.46"
534,0x265c0FD3bEEcFDcA61dB8AfA22Ca23BEB1AaD5EF,"229,242.996218589702661881",0.2292,"$1,238.10"
535,0xda38c543596b7E1b79ad0aC2C7797ADb914Ea3C5,"228,976.616912116720074526",0.2290,"$1,236.66"
536,0x2b0202c710677988E2d10394B797fb9706883542,"228,322.661263214513946002",0.2283,"$1,233.13"
537,0xcD00A2D4222F9b33109B6823771715d7FB37a4a9,"227,966.092508685103824048",0.2280,"$1,231.20"
538,0xcb2731c5B99e7fcDbC6DF221b94fc3c6f51a69bC,"227,527.596174925123005574",0.2275,"$1,228.83"
539,0x61ed79d779D411A0703ee0B708A85B0E2C5193A9,"225,944.722945785565245955",0.2259,"$1,220.29"
540,0x9aB3c2b87c4da80869C7D894f621C99640D00722,"225,796.978921104835639487",0.2258,"$1,219.49"
541,0xc0ADa206aF7f12a744D70ad013f13215dD8EE023,"224,641.264595357321830998",0.2246,"$1,213.25"
542,0x69c851862068BeE3D7B3DCF21771D78c3709D8a9,"222,293.819345273938806934",0.2223,"$1,200.57"
543,0x9f9224c846CC8E2720368BeDe5E8EAcB1D41f700,"221,881.40068077729797602",0.2219,"$1,198.34"
544,0x66502Ee27508afA6122dA0A7fFa681638a957723,"221,241.515920299637898391",0.2212,"$1,194.88"
545,0x9ff5368a433bd480DB493FB30F62550129Dd0064,"221,237.849030214998484174",0.2212,"$1,194.87"
546,0xB78E977f30d06EC8D395e82232d883a7b3B906F5,"220,348.325064806592195053",0.2203,"$1,190.06"
547,0xAC4523E21662a896C8fb23C56004DaAD97cbCDf5,"220,329.058554542374836403",0.2203,"$1,189.96"
548,0xeC94614cbd5e36f1e327dBfEF81549D36357BbeC,"219,085.582143265742380399",0.2191,"$1,183.24"
549,0x44E2d19DfDAbc360F62a4C238ec4Ba731a4dca64,"217,506.156211589587031883",0.2175,"$1,174.71"
550,0x5eb4Dd17F59bCBC86F98Cd459B01b8fe650B321b,"217,349.269217000984536411",0.2173,"$1,173.86"
551,0xD83bdAF483E8e534D3A80Fc191A4e76d33D5861b,"215,922.063741700666973837",0.2159,"$1,166.16"
552,0x2fA06c5B9f970940E2F74d323E45F85B8Afeae51,"215,860.206144470300526891",0.2159,"$1,165.82"
553,0xaf2063168b8d4e7298368Cdc00034DC8d3B7d258,"214,490.136767354138685294",0.2145,"$1,158.42"
554,0x275De8376F5252030252D97BA66E13cdF5D80626,"214,075.510797229327318942",0.2141,"$1,156.18"
555,0x2763249a5f13e7F69a71e2f70abF5A17b9D96028,"213,628.278901969690177977",0.2136,"$1,153.77"
556,0xF7d2c9A3ef4F5A62a2Bc0a073Bc506Ff98d7B892,"213,136.408604317412509154",0.2131,"$1,151.11"
557,0xe274ef1C705A5ba6CD8d6E548e13F7B90b6fFD18,"212,307.949710750338258315",0.2123,"$1,146.64"
558,0xeB4FA0275b7492B9586669ad91dE5e62ee36BC4c,"209,513.86341202217651502",0.2095,"$1,131.55"
559,0x3F51dEC8F9F7d2F24dd100Cb6d7F9d636236f167,"209,309.581532068605217396",0.2093,"$1,130.44"
560,0xf2859F3FfC1ACDE67fAed203e8773192FfC01312,"208,620.701373018272570902",0.2086,"$1,126.72"
561,0x63d86EC710AA17B45Ad499D2B353719388CC4E69,"208,508.752395029623970788",0.2085,"$1,126.12"
562,0x70f3d7d78291B8b34DD9cFf383f04C1AcdF20903,"207,832.470393940247784931",0.2078,"$1,122.47"
563,0x933A281049CB124253cA6a7dc397EfC85CDE7232,"207,393.421608230103939452",0.2074,"$1,120.09"
564,0x4528434b39A3485e1Ea59e4838198aaE4f499bDa,"207,000.995450898026019995",0.2070,"$1,117.97"
565,0x6a4680A3C55BF13215aea6CF3E6B4e6208EAa024,"206,732.759222813461714331",0.2067,"$1,116.53"
566,0x7fF58F393647B49e2C206FE5507d07614FCEe6D1,"205,747.015466330093959112",0.2057,"$1,111.20"
567,0x5986265E8A53b7184Fd14816a714Cef1D48462D3,"205,265.507614535556990988",0.2053,"$1,108.60"
568,0x0eFC232EBe3487EE3Ed9376b8fa74d46C0FFe787,"204,669.756130258428255031",0.2047,"$1,105.38"
569,0xE933938672bcAB81d16F5e18D10aB2AD5892Dab5,"202,394.941758465800036603",0.2024,"$1,093.10"
570,0x9A9B8078954dC94A100b0Ed318935dc06Ecb746e,"200,367.856180590842699125",0.2004,"$1,082.15"
571,0xa6C55AD83aCd658f1d047804824518d0Cd8ea2AC,"200,111.223123336338903415",0.2001,"$1,080.76"
572,0xB8C96865533a7B8D772cE100b6db13c664c8E19b,"200,000",0.2000,"$1,080.16"
573,0x3Fb6ec53701d824f92f5dB021Fdcf9B70D67333C,"196,233.095773512724764969",0.1962,"$1,059.82"
574,0xA071D71aBEf623533Fe10642d8BC15F482e18E56,"195,290.57171244983539713",0.1953,"$1,054.73"
575,0xF3D61d111c80D2450BdFbC8B7F7bE0b35f16999D,"194,215.014073901620257425",0.1942,"$1,048.92"
576,0xe0887EaEc0C012140EE4A9296FfA88667dF9ef21,"193,202.085771411700510345",0.1932,"$1,043.45"
577,0xB46d52d4EdE720B9e870e92C902BE6A896979F4f,"190,686.925490350417670429",0.1907,"$1,029.87"
578,0x1793a9D2752A0E65EA66e1D5F536d59717D622a4,"189,981.240161814380947631",0.1900,"$1,026.05"
579,0x801090Cbf1AaF6Ad15DeAaB38d9B69302C58c6da,"187,884.118918659346702844",0.1879,"$1,014.73"
580,0xfc613aEcAeD719115f27Aae7408F75483773F25A,"187,555.601617118875651865",0.1876,"$1,012.95"
581,0xf23f1862A30e31A1CB5495685343E17F6fcca020,"186,929.473526367754604376",0.1869,"$1,009.57"
582,0x94C4f0Cd0e3FfAe47CE90bA40b29B40fC0D6d9BE,"186,014.237619900316115132",0.1860,"$1,004.63"
583,0x3bE72BA827943a14cf95a6C418E6468b292BFC0d,"183,121.470991829097034961",0.1831,$989.01
584,0x030a2D08F561800c2e6964cb4BB0C712B7DbC35b,"182,442.990155767168570518",0.1824,$985.34
585,0x8EE6bd50DCb21d94b7275a992ac90fE7b6C3B245,"181,559.243447573455647576",0.1816,$980.57
586,0xEF6ea3032ebB6AD4F638F9374cE2E6940f208347,"180,317.233279931363076243",0.1803,$973.86
587,0xfc2B353E3079366d58bc9C6269ffc84d3014AbDc,"180,063.8099802659220827",0.1801,$972.49
588,0x80938eb154FF49c40DD7A3144602626Cc67f1312,"179,191.215241128237206105",0.1792,$967.78
589,0xFD8eED8c878403976466863F649b99B2BDDEFBB0,"178,817.688121341582244455",0.1788,$965.76
590,0x7B868C2525Fdf6f7c49d5c2CF30aC917D117cf83,"178,737.808590141930113155",0.1787,$965.33
591,0x6Bfc4bA89400859A1fA3FC34e899384aC449e0b1,"177,358.158469003214275398",0.1774,$957.88
592,0x7D3D138ba272d469b9314CFb3802f134FF057573,"176,903.920372023637484166",0.1769,$955.43
593,0x1a966c0C501bc40167743d7C76B9C68674787DE4,"176,566.948283393710664106",0.1766,$953.61
594,0xd4Ad4e481345442F95a4E7cdbd8C927c797e2000,"176,406.651215286712156275",0.1764,$952.74
595,0x990dA834e0F457dc12207a835E844dD55F1d02f1,"174,895.530573716194433551",0.1749,$944.58
596,0x006004d6c39590d39310a0d34181e15d9aDe3902,"173,572.883880583321357138",0.1736,$937.44
597,0x9b53fA86254DCd85d48689B6F319A9224BBa82e6,"172,504.680707858442865783",0.1725,$931.67
598,0x66a45ABD8eCb3506E482BcE3EA362695779e5CD0,"170,995.56256173012306453",0.1710,$923.52
599,0xd548696f49C0Aa34668E30ae125CC5533c6c0FF9,"168,400.336043153141302537",0.1684,$909.50
600,0xA997d30199A01b5948ba04Cbe7e066d2E4B5751d,"168,250.114756403922218056",0.1683,$908.69
601,0xBD789943A940BC68EF4b2356F42adF7134330d71,"167,895.565985025056886534",0.1679,$906.77
602,0x66887A9C0F5306D1d0316Cb9ce2B0c446b85e29B,"167,772.301486192736533574",0.1678,$906.11
603,0x325249046414652405dA77dce28c53A52E811B32,"166,930.515215233873188418",0.1669,$901.56
604,0xed3aDBE6eE26a3f603F60bA9e7C1b92dD136b35a,"166,479.360933178168690278",0.1665,$899.12
605,0xDEfbBA0d2F4f541075644530dE19B4C44061890d,"166,185.298145777354176012",0.1662,$897.54
606,0x1522C6Ff93315d17a5E7180F8B7c53760d6a520f,"166,086.429591077475319463",0.1661,$897.00
607,0x5B7b65C1A63FbA6581C3e2D57BeB113fabF7048e,"166,004.902084450805613048",0.1660,$896.56
608,0xC2A00a78c336Fcfd91715F9f79D818FD7bfcf001,"165,387.636752957091822212",0.1654,$893.23
609,0xb33598d9739ab8ff6b2FddC89A1047575E7d9790,"164,273.202572365390120509",0.1643,$887.21
610,0x3C4b663741ac5C36c094060C9DE66b8BE9f57569,"163,680.23089856334795922",0.1637,$884.01
611,0x879f12932003Ec8638dE5fD2543C27dcBFAC0CB7,"162,573.39358503733287736",0.1626,$878.03
612,0xF2406349CCA325067173335E9608751B34770664,"161,876.35486918661709822",0.1619,$874.26
613,0x4c3fC816B6e0fBe9e4C971B798EA9c6C7D329033,"161,515.128407276133469025",0.1615,$872.31
614,0x162527ad3Ea916b0C6b1D1066CF2eD4672C57f3F,"160,746.78651819043059024",0.1607,$868.16
615,0xF59CFe6eca6016313fF51943a0DEec80f23AA690,"159,460.961566331128065381",0.1595,$861.22
616,0xA1375b3d601Ac04878d240Ccd93B86382aAA69c6,"158,785.821370469758027736",0.1588,$857.57
617,0xa05B07E1B77a27F437d5Bb97aee1f1aaB89D31E1,"158,183.911316684695197345",0.1582,$854.32
618,0x48B6DEaeC2Cdf6F69598e9cF26F997030f3207ce,"157,164.171684386977485958",0.1572,$848.81
619,0xBaa443706f9a41bBea3611d9e76F09a0bdCD76Ad,"156,965.164800770821704474",0.1570,$847.74
620,0x31a1eef1917257Ac485B36A2A8B2C49ea450F413,"156,579.281612158018056527",0.1566,$845.66
621,0xB57Eda267f9b0CB3620f795bF44A9D448faB6766,"156,132.639255275999401167",0.1561,$843.24
622,0x7a6FF054dA65C3a3D2F5cc3a08Ac58b83c25427e,"154,811.147996030196706858",0.1548,$836.11
623,0xB9C79E5bd132847b1430329D2281171d3955d44a,"152,305.235107281618880833",0.1523,$822.57
624,0xA3948EcA69165aF053E7d8e6f22f44c21537B72D,"151,110.174575192443235597",0.1511,$816.12
625,0xE546B9fFc81e937cFaf3a3Ed2A3Ee80b6293315E,"151,099.42283084854562256",0.1511,$816.06
626,0xd1917FE7653656DD6e41C7923e8f932Ed056E483,"151,004.752280722275398569",0.1510,$815.55
627,0x3a7cdc671EE477c50357dB52Cd05c317AFD37E0B,"150,992.651404707115708964",0.1510,$815.48
628,0xC387113D5Bc53f27fE3672366fF7e425973394f8,"150,891.829760388853246017",0.1509,$814.94
629,0xd827A97c898D664f6474b09e3fE7266ABBA3305e,"150,610.000000000009632185",0.1506,$813.42
630,0xa770070F4B18Eb61A7Cc282da3Ea5d405b3abF4c,"150,490.931764775501438993",0.1505,$812.77
631,0x6eF1E053731a56574b8f7E2d3456e527a83131cB,"149,467.704194761076405421",0.1495,$807.25
632,0x30CF79614ADdb7706ad10BD18614C6de2e2A170c,"149,333.799564749491195429",0.1493,$806.52
633,0x9e1117E442F6F02bdbc6CA7AEF86bE1F9d0e7ee1,"149,151.203217228994995808",0.1492,$805.54
634,0xb63bFD51C1720562c15B817DC3D7D6bd012E14f6,"149,096.026203036576412979",0.1491,$805.24
635,0xF85000944fEeF512D2ED333F2439b4f29cd46f82,"148,794.127467000571702127",0.1488,$803.61
636,0x90661a32C5991137463514B1dA54A6c3c4a96BD1,"148,594.868330163220594698",0.1486,$802.53
637,0x6778370AA3caC6d284e4Ee27E0FeE9a9Fe86e497,"145,929.722773586053297852",0.1459,$788.14
638,0x894b4911144CA420D7215ca8742748561311462E,"145,440.426702339619225026",0.1454,$785.50
639,0xe1cC5887BCDcC6dd2aD9d0B1B158Bc2D9c986787,"145,271.312045553602583523",0.1453,$784.58
640,0x5d37829e07bc747ba85aaB4f21EEEc50256b8025,"144,312.356678932078407787",0.1443,$779.40
641,0x086A426F08a161921c67C19942704A591CA5342A,"143,840.823592231371672787",0.1438,$776.86
642,0x4CB09231D6F86aD867BbDAad0Df4E42A0649a51d,"142,146.974485040949569524",0.1421,$767.71
643,0x2D4031BD18ED21A666E186b8cA75a65e103896BA,"141,981.125750083136202352",0.1420,$766.81
644,0x42274427B0EE384dEe8AA45E383150aeA2a96737,"141,829.09867967158694965",0.1418,$765.99
645,0xBd042048F33d17a0D6Ee1B61bf40d2a1562240a4,"141,822.847710398789062006",0.1418,$765.96
646,0x4727B44aC0bAA3d023f7469640eB07B34C82269C,"140,741.281866396204413218",0.1407,$760.12
647,0x153a5E8d84e8c87E2141AC505ad6D8660C16BFea,"139,041.204627188916602389",0.1390,$750.94
648,0x55F414a4Db7DE7122d2E702a6a6C8D9D862670Ac,"138,999.357117186980260541",0.1390,$750.71
649,0xBf66Ff9a8b9AF2C07eA82bffF807328788a9A210,"138,100.479031295614941647",0.1381,$745.86
650,0x8d3fCA21bEF3fcE0d7BE3a2777Dd2dB9cE0dDcdE,"137,817.568695278966330495",0.1378,$744.33
651,0x2E03B5F7FD60105bf44c4f6a698F600E86360209,"137,252.153423510336530039",0.1373,$741.27
652,0xA22C9abE6a803182803a01112F5D88a3Cd831648,"135,973.900219822438280565",0.1360,$734.37
653,0xD104457a57d3323D5460e54833B3537324b80420,"134,861.514559661542125446",0.1349,$728.36
654,0x5b227D2d53F3C3E23FC18f8251b08fcCFDD52b9C,"133,985.322195755055911119",0.1340,$723.63
655,0x04232955C314586a84ceA9987581985Dfae6F15e,"131,433.089942886432064644",0.1314,$709.85
656,0xb6Ec23E78b5Bfe47E309dA57337c6736d332ea87,"131,263.195161866110759447",0.1313,$708.93
657,0x893C049d6Ab920d60B1838be662b3ed8b1510878,"130,883.101410498301544922",0.1309,$706.88
658,0xD17763336ff3DF0cE75FA76014053E3d4BE1B90B,"130,690.274651843428456581",0.1307,$705.83
659,0xe50238D691494fb26f60ab97bb19FCB7a22Aec07,"130,308.124031157592924085",0.1303,$703.77
660,0x2cffEd5d56eB6a17662756ca0FdF350e732C9818,"129,786.009313147640887845",0.1298,$700.95
661,0x8696fE81D7497037e4E5126aF95d3547d85Cf8F2,"128,263.910574698792159157",0.1283,$692.73
662,0x716C18B520343671aD7325f40443915095165F94,"128,247.195761752452690343",0.1282,$692.64
663,0x92b20D9FaCbDB92d6b73e07e3772192094abFcBB,"127,750",0.1278,$689.95
664,0xd14feAE65EdbE4F4C0ad2f8A0bB379d080891BbD,"127,746.451445647386631909",0.1277,$689.94
665,0xD71D4805c1a514a8EB3F739Fd257025d95FB61CB,"127,596.530107439516817981",0.1276,$689.13
666,0x571Eb8EC28A410fbA3Dab0561FB35341b99E51A5,"127,461.404419829993249017",0.1275,$688.40
667,0x03632451C4EC0eA7BeE3cc7C23fEA6b91B889dbb,"125,697.116539985007135902",0.1257,$678.87
668,0xBfD92384E908a722DEAa474E1aF725315b30A795,"125,659.151326939903172504",0.1257,$678.66
669,0x509758c698dc41dc12A5a1690593BA8Fe1164Dd5,"123,495.579003083847992976",0.1235,$666.98
670,0x055e80E8921F659F6B13cFF3Bd11baB1dd69B633,"121,664.90045329348472325",0.1217,$657.09
671,0xaF38f775CeFF2230090c93AD5Ba4a2C4388C4bAe,"118,076.890873325025603572",0.1181,$637.71
672,0x47F3F06e41693C98aD2455D2FcF75E7fA4b521c8,"117,777.11551048763470957",0.1178,$636.09
673,0xce24FEE5Da8793384Fe87DE15Db1cC6b915f0a26,"115,691.474445281079064227",0.1157,$624.83
674,0x14d03b0F33C8F158281508CfD6B8539BD361F26C,"115,192.969906039881707397",0.1152,$622.14
675,0x4833B010313435c425C22c1AeD50963A2Be73FC1,"114,485.224665295850687849",0.1145,$618.31
676,0x1E3D8BD4Eea77A885c32387982117d7153c6c188,"113,585.436312140216275645",0.1136,$613.45
677,0x7690678e6056b87B94011982Dd22b610a5236bd6,"112,913.165348954258259326",0.1129,$609.82
678,0x4ab91aa63719742e00238C3B438Fa20A5eE1598C,"112,626.413662158303241112",0.1126,$608.27
679,0x9C05a598f6E0B45453911e75ecCf048a906D446e,"112,108.268775490732333008",0.1121,$605.48
680,0x12AaeBC3cEBcE3FCaf69AD0aa1F4d9aC7D53f1ED,"111,890.456302529717575724",0.1119,$604.30
681,0x5e215d3FA2614934cd9Ee0563f77d8485D6C295f,"111,588.884997000452572568",0.1116,$602.67
682,0x21902EE464703DDa080572F6B4fAB42a1bBcBb31,"111,083.452057533297906354",0.1111,$599.94
683,0x5fBAadfc69f19f7eFAA7B548120957d07Fc451dC,"110,860.086304499888838322",0.1109,$598.74
684,0xB7d899459974D5B99D46B4Cd6773a29fb4E80c25,"110,477.676338980665224271",0.1105,$596.67
685,0x25e0f20eBD01dcf984A02A1d6d3d9B1687344D28,"110,322.597678818549934804",0.1103,$595.83
686,0x7D65F9eb1Ff15D7eEc6609A44E3bb9C6C8A5E169,"109,088.031856201777438528",0.1091,$589.16
687,0x95BBB19a5bfc083BED28B2DC3613140E4048563f,"106,705.142209496402603011",0.1067,$576.29
688,0xD774b0884148508Cab66fb73f31B54f47247d7A3,"106,656.659175503508125037",0.1067,$576.03
689,0x21E10BdCD164316237BCda29FA66a0956349730C,"106,114.4595806716986765",0.1061,$573.10
690,0x5Ff3C8686b6E1Ca140E76b5F2583049c46E81451,"105,732.046271196125128549",0.1057,$571.04
691,0x5f04c3d3E0a7570438fFA06c25083Ac08B632637,"104,564.613327405016447645",0.1046,$564.73
692,0x5E897AF892880a10aAd1dd731DFbC4e86c3A7E61,"103,939.15236691762652316",0.1039,$561.36
693,0x5d842f10dD03A55DEdce023E45Bab505E4fa62Fc,"102,854.083623802779803147",0.1029,$555.50
694,0x54E73610F560911A813d9b95d9fa58072F7ED2fc,"102,675.962362804145573389",0.1027,$554.53
695,0xf72ce0713dC16358953964AdC563C35D60e57224,"102,232.268819506301913079",0.1022,$552.14
696,0x2118E1cB30ce03C04d0793b4374F08A258E678e9,"101,277.674808606246064359",0.1013,$546.98
697,0xb48f67F9D1444332Ee602ae375A300a1420a22b6,"101,258.568203060672703402",0.1013,$546.88
698,0x62749e51a9916f0069851B8588595F7D724db2ab,"101,204.224054587534657654",0.1012,$546.59
699,0x044c31728Fc05925A86666A6491D4De4d1Fff9A9,"101,091.031258404124529561",0.1011,$545.97
700,0xf9f2285319e5ace65D6e40B6f6ACc5bf5F4cb56E,"100,829.139492478653342792",0.1008,$544.56
701,0x3e9dd8088Fe88472621f67Ac502b784f0D852b71,"100,093.032310593379290809",0.1001,$540.58
702,0x381171dD9d4f50c3C3a7DAe09583accC3964ef56,"100,000.749296056766845086",0.1000,$540.09
703,0x6F4862525Bfb9ccc05d873AccbFec0EbA4e6b3fd,"100,000.000000000001473778",0.1000,$540.08
704,0x8b60a9c5e884E760d7cA89d256555Ef36307e42A,"100,000.000000000000400993",0.1000,$540.08
705,0x0A72Fa1Cdc19Ab4a905C5E978eC870443db17a22,"100,000",0.1000,$540.08
706,0x8279e45269909496E22c34ED5fb46415Ea384701,"98,623.579086645390314084",0.0986,$532.65
707,0x8cdca9B91cdd3EC45dF5eF65D23D9C885DF9a840,"98,040.419691929141804411",0.0980,$529.50
708,0x62Af57374A09A0341De5d33752705088Cb5FeEA2,"97,822.012169842487351019",0.0978,$528.32
709,0xc3f7B51e182421DF7e0D04862F703F2275CbF6b7,"96,601.110958028247009895",0.0966,$521.72
710,0xa278d52813180dbF815FF69f5694d27993807750,"96,248.023603034591836164",0.0962,$519.82
711,0xCCFc4bcc6cda44E373cb2142d8d284BadEe2d946,"95,644.407650351590674879",0.0956,$516.56
712,0xBCA6A0D133036dd38135FEBe49F1cd4281D39546,"95,091.395497753828533483",0.0951,$513.57
713,0x95E0D784AfE08d96216a0edE817264694b4723a9,"94,195.035457435163638824",0.0942,$508.73
714,0xa7544D84465Fd2b8301F1dB3094DCE8485947085,"93,388.000853394060580286",0.0934,$504.37
715,0xA3F54BF8CBBc9173c23771a01dB5B50613673aE2,"92,886.530635435771881983",0.0929,$501.66
716,0xbebb206F62e334ae7E19529C32B7BAF6Fb20FC3f,"92,661.015289394913121935",0.0927,$500.45
717,0x7904d2dEbb0a6B01BB6580b067bA80a149ba5eb0,"92,115.182185540829788711",0.0921,$497.50
718,0x39AF6d39264F83eB2310F828e80dAb47481581d4,"91,852.156039197888360804",0.0919,$496.08
719,0x1ceAA944E5508aeD0BDD2285C9e48fcFeEDB8a26,"91,809.298519635631843763",0.0918,$495.85
720,0x86D9e0dB91520Ef98D5E760b67C8d0d83B002339,"91,277.518503513634338938",0.0913,$492.97
721,0xCd9666788299A2a90F38ACEFa66A7AB39EA327c7,"91,236.494197781412544551",0.0912,$492.75
722,0x4E56eF21A091469F38679D1a74cd293238456CC9,"90,560.881961642590054756",0.0906,$489.10
723,0x441B4d54A2E41805682b4a7E18Dbb8f14D5fe29F,"90,038.573926506799719666",0.0900,$486.28
724,0x5956937c2B0118C85CFfFF108C2Af9C4F0592825,"90,000.190364672337042945",0.0900,$486.07
725,0x73c2d2D0265CD56533d160a8490F3D9D92c0525F,"89,656.444721205484647826",0.0897,$484.22
726,0xdbA0B264e99502De3432469a0eaB539c5F3623d4,"89,073.544148026570414987",0.0891,$481.07
727,0x6311e65F3Ef58447766f4904c979f83D25EB5Bfc,"87,971.505258270481031771",0.0880,$475.12
728,0x8eF7ca632216e5F7b1ce62854D2D5CaF1Db8de12,"87,587.517405536779669402",0.0876,$473.04
729,0x6FF76EfD70BC42eeD18463F5C8f2A080bd9001f8,"87,285.992990014408372693",0.0873,$471.42
730,0x11058250E7Bb3C20f1B7A21E83cA4bB7bDDa7902,"86,636.488162432196069438",0.0866,$467.91
731,0x8C17d969607eb3E8018E0643856E2C8E165f7DFc,"85,740.363841715313193764",0.0857,$463.07
732,0xA24267607087a931170b0F5F13f810BAfd165cb1,"85,122.768676975153668204",0.0851,$459.73
733,0x93b320a302dE81bE33A28A79Cc0EbbC3D62ED2bf,"85,044.418003834177922537",0.0850,$459.31
734,0x6414747CC7a4807A72Ac17FEf6227d71bC86231b,"84,735.150228872399053824",0.0847,$457.64
735,0x7A31829BD06e02F2D88A1435aCe4339E6480d048,"84,127.29898690321937856",0.0841,$454.36
736,0x28339Df9f61ae5F6D6fEfC86c7584657579C4cf7,"83,834.53950490385468918",0.0838,$452.77
737,0xcd670B3189530b965d980659AFA4a29F1503C838,"83,501.596879475325823712",0.0835,$450.98
738,0xb6F839347e37656dbae76264AbfD2aA8709446af,"83,027.89836207353126095",0.0830,$448.42
739,0x4678D6C83b1A0503D8D3D0645172efb158f1dC7f,"83,015.232156373589755243",0.0830,$448.35
740,0x7a2670829d2B4AE2960D2321F9625Dfae03C9B75,"82,351.878729427532907673",0.0824,$444.77
741,0x19e6661f157E54F5060A5b97aBceDb205f9E68d6,"82,280.000042887133425394",0.0823,$444.38
742,0xBADc3a0d9Fea6d4AFaBB57583aA09d68CC5c1Bd5,"82,092.874373812828018527",0.0821,$443.37
743,0xd947A55aEcd6d6cfDb1a5E719027e4C9428B532f,"81,935.853960117395636537",0.0819,$442.52
744,0xc85CFfAf9D13CA83db067290fd2138f6d4a6f14E,"80,910.928412992302752676",0.0809,$436.99
745,0x21eA71523eA66f87ffEdE62c38A954302C44559b,"80,871.611760049385652129",0.0809,$436.77
746,0x52AC6E1dee93911c7c2E3dEB52a25233e89b5402,"80,799.861587948769006026",0.0808,$436.39
747,0xB47A3373E463205E9CBC57AFe296aE7afeECC354,"80,013.909325101540336244",0.0800,$432.14
748,0xdE1029F8fCeEe8435a391675528c6676e3fD7903,"80,000",0.0800,$432.07
749,0x3d6A68D3d8Ec3E3E1b28eb059d0865b6a1f6d6d6,"79,999.995763924277768589",0.0800,$432.07
750,0x26D89F990311Fa08e573E2a380bb70725243da97,"79,558.569992562104909456",0.0796,$429.68
751,0x3b1DDaCc5802D97BD2Cf64F50ED45822F9f60822,"79,166.156755457739144968",0.0792,$427.56
752,0x538EfCC040a4A0b724663e76Fe63814158cdBeF8,"79,007.894695016479772158",0.0790,$426.71
753,0x730157023CF010D33085b2b2bb961A2AFbF36079,"78,729.606181616463937174",0.0787,$425.20
754,0x14959c9d6b12a303974e6D87F707C31c2b79b276,"78,647.8014441252404069",0.0786,$424.76
755,0x361142e8F48BA59496e3Cb0029d1F30c1c6845eF,"78,309.833103803937392712",0.0783,$422.94
756,0xAe5307Fa2FE190D255884f1e281CE605D8AB6882,"78,214.767877995215245225",0.0782,$422.42
757,0x57196FF99D519A65E66658e2C898812dAd64deF8,"77,958.322010476942545726",0.0780,$421.04
758,0xeB09A730313E99A3438b81f6Ab9701D78c1E49AA,"77,539.985084236364351191",0.0775,$418.78
759,0x90a7c8890B5965cbFCCBE629b370252fEA21323b,"77,105.847800390443751306",0.0771,$416.43
760,0xa1e8De1a6a9F342B09D44C85bCd6137456C79243,"77,087.447724262862367232",0.0771,$416.34
761,0x000Cb238296a06Fc1577944FF17085Df53111111,"77,057.440139173008142383",0.0771,$416.17
762,0xc44907a661495e60f91d86de97c393089C783E0B,"77,010.020581267944853104",0.0770,$415.92
763,0xE4b818B060559D52Db2Ce22C4954474697eC10Ad,"77,000",0.0770,$415.86
764,0xe15Ed1E3fe0C58069f8fB973EBa0388825d69818,"76,818.981045289904299404",0.0768,$414.89
765,0xe3eae823FE7515EbA29d4e296CBa895fD169F9a5,"76,623.057463367755491424",0.0766,$413.83
766,0xB7af53f4A4b2bd57322437279b2eC7169ecE524E,"76,536.811642439213924887",0.0765,$413.36
767,0xD27d6458370683799d3aB68DC08Bb299Bc8D83B6,"76,049.260730710687877428",0.0760,$410.73
768,0x8c316C12e079c99f7FD24d8c342BC0cc27982031,"75,877.013540259607413183",0.0759,$409.80
769,0xe31De45222a798B3423012BeFF6d94a51E7Be1Ab,"75,623.127556237238598991",0.0756,$408.43
770,0x38c77211A52f2acF379736cCAD89889ca1CE7c48,"75,286.54048301462974044",0.0753,$406.61
771,0xeF54e7c6a947705976e216D250971807Efc28EC8,"75,255.582334291222998589",0.0753,$406.44
772,0xa6eBE69594Af4377Da8cE43D3c1Cc9FbE99C03CC,"75,187.878916223240992362",0.0752,$406.08
773,0x9fB97cFEEA4BC0BC5CC304AB2618fd975b21C5A1,"75,000",0.0750,$405.06
774,0x2b5CdA401793a3ebE0903043FF8312ae3Bd82448,"74,456.67927233062362092",0.0745,$402.13
775,0x8B37FA8324FaCA411a2e9456Fea58b9EBc070b65,"74,108.386158482262708146",0.0741,$400.25
776,0x228157e947aA052E006C62DB6e2b3Dee685f3179,"73,637.684575530010101112",0.0736,$397.70
777,0x03648BdD7f0F84012338bacc0898E7b14abbF13a,"73,377.075050732278268332",0.0734,$396.30
778,0x78Df8D5dbc4A27d5f3e1E2097CBaddC450Dc4B2a,"73,262.080701107741557378",0.0733,$395.68
779,0x398E5427dc56784f963f0302A30Af5E471Ae202E,"72,655.563062045746644246",0.0727,$392.40
780,0x639fb9051E6D6FE99D70C4977D0825f22630Caa9,"72,500.506249344878972158",0.0725,$391.56
781,0xC17B09D1a32166AE778D2436A25546973D405145,"72,472.277264875116292627",0.0725,$391.41
782,0x91CAC128C0cfC76A2992cc0373e60b3841DE736F,"71,701.241591378495287857",0.0717,$387.25
783,0x16Af849086713F016539176ec88f913f0E479724,"71,434.539778412821281667",0.0714,$385.80
784,0x0b212f62eC104ed0c78527413810Fa49CbEb45Da,"70,699.924305184302544414",0.0707,$381.84
785,0x98cF7643073927e007Ae68A875C5b3A1c939aa8f,"70,510.037787358826095878",0.0705,$380.81
786,0xC6Cf4b502F8331bdD8dDF8541523817260eB50DF,"69,938.805836853636703832",0.0699,$377.73
787,0x9D2f5d91Ebb74aFF4fbe64C62F3a18967B629b6A,"69,308.859602444248140556",0.0693,$374.32
788,0x8AC297a08DD874E88b4834912FADFd73C565d27d,"69,064.719765275088146805",0.0691,$373.01
789,0x0AD6d19e37967C63096FB3F893d2c6B8691D33Ac,"68,583.630789712894818769",0.0686,$370.41
790,0xA01e10a704cFf03be51b5047281e8D3c791227Cd,"68,546.261488969796654457",0.0685,$370.21
791,0x4f82e73EDb06d29Ff62C91EC8f5Ff06571bdeb29,"68,384.067719611171576224",0.0684,$369.33
792,0xB58eD5338108538ab22F240703b7c2A6b1551fb5,"68,274.76230063067556861",0.0683,$368.74
793,0xa550a6CE6F8d0483Ce1c8fa27f44F9c8546C90Ea,"68,190.654716987829488681",0.0682,$368.29
794,0x865D57D75Fc0aa9eE88e0dD118288CB403959f52,"68,000.322244122646370332",0.0680,$367.26
795,0x5b14EBd8dB4139565BC926d33a38C49FE2E6E884,"67,620.604384481013540289",0.0676,$365.21
796,0xF3538906daf5FA065fd476F82527AdF08666E562,"67,616.827578181249897689",0.0676,$365.19
797,0x8dBB05c1eF56e58a73Ef56B07CC21385BC4dbFFd,"67,431.421043789339471159",0.0674,$364.18
798,0xB3a2959F310978b4aead4B5cAc3Efc16AeA74d0e,"67,248.872289055523494577",0.0672,$363.20
799,0x47E2434f4491572656ca436458b27Cf89c7DC8Bf,"66,841.803937274587703605",0.0668,$361.00
800,0xAd2d0F7EF1613402CB8fC2a264e4c11576B46793,"66,462.255094008143984586",0.0665,$358.95
801,0xb3b7c0a9C23aC6f407DB96BCaF52fD5dF22D3597,"65,625.228959971594929002",0.0656,$354.43
802,0x797C8d42f4ACb6c3542b20E577fd61F69EFCe11D,"65,361.950743969181848066",0.0654,$353.01
803,0x06e58844b6E9E5cA9060e58A9ea5eFA56B7fcFEA,"65,278.232748965779228786",0.0653,$352.56
804,0x965dC72531BC322caB5537d432bB14451cAbb30d,"64,508.378064116842285622",0.0645,$348.40
805,0x94336C02403Fc659d246ED9BA1B8edff39C16086,"64,374.808717494114414574",0.0644,$347.68
806,0xf5296cf65aea63D7634903c68fB3CD571fe1E9A3,"64,346.044818671749561797",0.0643,$347.52
807,0xF08789bB2E7BB5f9FA082EC5Fc0986E9240f41B1,"64,233.489665492849153907",0.0642,$346.91
808,0x7851fa1bcaDb0E7894b83C33DE17BF9BB14FeA5B,"64,136.238488960393127465",0.0641,$346.39
809,0xDFe28348d56Bb80a49716E833D4D17377796B85A,"64,047.449222557000676077",0.0640,$345.91
810,0xAE1c3b94E635eB30Fe912F5CaB0f26eDc9980cA0,"63,879.644135741283750943",0.0639,$345.00
811,0x7b51DD4cE9c5Ebb320919a952Ea9D13B315fCDcA,"63,500.731739611218303054",0.0635,$342.96
812,0x282B2E6550cE68016F5BB59903f4616442F7cC93,"63,349.476817349635560658",0.0633,$342.14
813,0x1e4711E37eed4058bc3F3865adC6fd99Cfa0F0a5,"62,455.888565829887142764",0.0625,$337.31
814,0xCFd59c0f530db36eEA8CCbFe744f01fe3556925e,"62,446.630363396521453874",0.0624,$337.26
815,0x32f475A116bc88cc72f1F05895E4C5501545AC42,"61,872.305387568517754253",0.0619,$334.16
816,0x07F93871B8890d28b28f632122d26d0E88877F77,"61,663.010008502572873343",0.0617,$333.03
817,0x8Fd434B82D13497C25b33F2E91eb19CC826e33c0,"61,465.431069563948144887",0.0615,$331.96
818,0x6289445276909e73D1498B5eEd8963785492C6BC,"61,430.715397469085129175",0.0614,$331.78
819,0xed2b1ea897dAC533Eb59871B1A46f2dBCe36Cee6,"61,279.284705358599149697",0.0613,$330.96
820,0x86E446230a98FE77F0389AA1558652b128D78068,"60,695.387770865795276554",0.0607,$327.80
821,0x04BD7119D750898030932a28CAB8028815Dc98De,"60,109.910425222488222182",0.0601,$324.64
822,0x22B09058007745c4012852a2BC8d01A48c5b7105,"60,047.385226561989997756",0.0600,$324.30
823,0x047eA31614FC085cE7B80412FBaB65fD51a8bb7a,"60,000.000000000008204225",0.0600,$324.05
824,0xb42124dF9dBD85834b135f1fBECFbBbF9FB09558,"59,751.347944020535300471",0.0598,$322.71
825,0xad618aCBA45e024671bD052d82953309C1af0428,"59,558.79256100804332857",0.0596,$321.67
826,0xF7aDAf854dad041F211E95a4C8Cef7D776bCfEf4,"59,459.813660249814482951",0.0595,$321.13
827,0x0022934477778d696005715063478E41EC1f0366,"59,311.47829613567137595",0.0593,$320.33
828,0x00000047bB99ea4D791bb749D970DE71EE0b1A34,"58,571.552641926748667786",0.0586,$316.33
829,0xee2BD1be3D8324C834cC08d95800D292cd28b5b8,"58,288.073496838115955843",0.0583,$314.80
830,0xf78DE31B99E83D73817A6420d63f234f33Cc0955,"58,204.776763164180642891",0.0582,$314.35
831,0x100631ce775Efa019855C47160c144c1a3a9E476,"57,764.213915343209289151",0.0578,$311.97
832,0xE4d75E160d095c85492e5aBBe6fA921d7C4bAAb2,"57,049.738150747228782623",0.0570,$308.12
833,0x2F5b9aB06CAE26E06F47437A2678BF92C638bb04,"57,030.742126383950258255",0.0570,$308.01
834,0x2845FD840DD16D58A39194eAe88Bb79Cdb733018,"56,678.167568451563608619",0.0567,$306.11
835,0x4583E41fe1fb51b65ba94d18a0Cbf0552831F82b,"56,606.22982339055933783",0.0566,$305.72
836,0x0C38a810133911377926cAB46cDd2625C72472Fa,"56,375.944286119327754894",0.0564,$304.48
837,0xBD301b231a76CAd7a88d56fb730B79f19b088b83,"56,092.90154501253479894",0.0561,$302.95
838,0xaD1e1536dd7715266c586e7B963a019343FCE360,"55,904.453099975620255898",0.0559,$301.93
839,0xeCDF94A898571bF8441664D8bcb990E4AdC5776e,"55,830.779579637666708856",0.0558,$301.53
840,0xcfa1C0905c7fe5fDC28dFE69C7e1080165d55a6A,"55,678.619451650687658069",0.0557,$300.71
841,0xb8Be0F8A0aE78C761dF8D49e3B37EDaEa4F7bCBE,"55,468.42026289746825533",0.0555,$299.57
842,0x983E6680362fC49DfBDA5343B82CC119Ce45f2e6,"55,250.084692918239408255",0.0553,$298.40
843,0xa1C199237eB43F7c3f7374baC616e23Bf97F8746,"54,472.867537750831888379",0.0545,$294.20
844,0x578ebE4F864195AdF4d2e31aAa9Ea4F4FdDE90d0,"54,131.662905102209406338",0.0541,$292.36
845,0xaB7293A470A43cF8C4a7274a2129e05ce9238F76,"53,762.583285175422058999",0.0538,$290.36
846,0x9276F1bad887b8765258045118f17208aeA051c2,"53,710.161811911529388029",0.0537,$290.08
847,0x819bB0eF21cB8F6017a305eEFf3A071C6ED609Ea,"53,421.726873237991143994",0.0534,$288.52
848,0x0e331a293BB22e93e2e5E417d84d755ae185dA02,"52,952.51742166134008324",0.0530,$285.99
849,0x6E9cb908b8B57F70A7B3634eA292eb2269bEb9d9,"52,891.157879468543157527",0.0529,$285.66
850,0xCC6f49C077f3b838338D1DD522a6987AF207E878,"52,132.434354778945626338",0.0521,$281.56
851,0x86248E1471d2fd7F7124D49B7F41F7dE29749945,"52,049.341570250296975891",0.0520,$281.11
852,0x4C3e8512f363A567887552DE96f4bb8fc47a8fE0,"51,749.404524487297312192",0.0517,$279.49
853,0xEaA2F2D9eceA054B3029df7f6e95eF30fEDF00E3,"51,582.704564122516839554",0.0516,$278.59
854,0xe50Bf82b3bB7E779451BD5a8a212AaCeC1C2f794,"51,548.876066052676190004",0.0515,$278.41
855,0x86072578aAf83ed26696A6Fad6B3Ef7C2233561F,"51,507.159428740519419895",0.0515,$278.18
856,0xdcDdb6fF82C73835D0731649E12C903b421a8B6f,"51,363.081095588017100957",0.0514,$277.40
857,0xb730378Ad637ce3E42390c2997bB142B4A844C7e,"51,331.072800937605718167",0.0513,$277.23
858,0xCE7aEd17677B3391A3859A5a1E4313A209e5523f,"51,031.966606123759996038",0.0510,$275.61
859,0x9994f9a9f96c489504E3e7236da9bEF24a545F47,"51,028.306904085460891782",0.0510,$275.59
860,0x63BfBB691cCC53049E1760013CF71A1EB9C050Ed,"50,883.530995503395586718",0.0509,$274.81
861,0xC6F79062c774eB1a77172221a28D5a7F11eD10BB,"50,707.396740225462344559",0.0507,$273.86
862,0xD27dd09Db7f6f054603F67E90304e80b9D973abF,"50,321.055802948524494668",0.0503,$271.77
863,0x85052a410D74b8f679629af0345577b0c0fab391,"50,227.233071508197126249",0.0502,$271.27
864,0x601c4c65E23411cB500E83E1832776b438D24B7e,"50,215.336843642023946037",0.0502,$271.20
865,0xDD55918BFEF907c8FF1efE6e1a75D238c5dFf077,"50,031.30051167547992765",0.0500,$270.21
866,0x84EBb2C9419dBCDA8E414d29D70af366779ad781,"50,000.000000000000971359",0.0500,$270.04
867,0x131d96FAc6e2f203d58f5244DbC6285dAd423F45,"50,000.000000000001772263",0.0500,$270.04
868,0x5D3Fa7Dd49081372780F89c3E5B25c6E04369616,"50,000",0.0500,$270.04
869,0xf21785b4b9f5C8511556edc022d34A3d247Da6E9,"49,745.240914371987750657",0.0497,$268.66
870,0xbd15d921F9EE5F90045eeD53C1aF786B113d8825,"49,374.6306785632354176",0.0494,$266.66
871,0x1B1702ccD525B8492a783A770b2617c4BbAC006d,"49,235.10437577541939636",0.0492,$265.91
872,0xd1A119Ba3e4507219FD69Ea361066BF114DB013E,"48,922.002814428425624803",0.0489,$264.22
873,0x3601266443747919A2B2Cd3CF9fDFA2672483952,"47,824.811831328494475448",0.0478,$258.29
874,0x0d5d78824Ac6DF081897585509aa23aBdA430722,"47,686.546581908687966861",0.0477,$257.55
875,0x75529ec1EEC83667219BA0ecCB6e439103119b5f,"47,454.629953556951362413",0.0475,$256.29
876,0x522B31561317DD4c06B6fC93968e079D87eF3536,"47,407.149820733628785807",0.0474,$256.04
877,0x3757e39586dD5d1D4Bc2695574a825119dfa79E3,"47,292.201097388197463566",0.0473,$255.42
878,0x6023A79173b7E0038b56798A45B4A714fdFeBc75,"47,256.284886057769102703",0.0473,$255.22
879,0x0c1D9A0D2700DC28f8205d3e3A5D43DcD5Af0724,"45,761.689688154939581829",0.0458,$247.15
880,0xda322aBFa7F81E8deB1349Fb54340f76027Ff8e5,"45,141.003498849093393008",0.0451,$243.80
881,0xE8821a63a019E477dAAe7939b88Fb8C612C2F200,"44,938.640291381622407661",0.0449,$242.71
882,0xe60956e3a70A906b3B5f7D53FC4b662751a854Ef,"44,742.681722248297389305",0.0447,$241.65
883,0xb3Fb3DdF14CD75Bc9b5E457361f80dF1bE36dED2,"44,504.760453448319962895",0.0445,$240.36
884,0xFcFA16d1f33F0D41F6B3c225b136b6CC0f065364,"44,417.043338240482019406",0.0444,$239.89
885,0xC81bF99c2CEDe34b3C9E1c2416A612C7cd7aA1AA,"44,267.728520925137575931",0.0443,$239.08
886,0x374aA46241b9e7E1E4445260BF31b7Fd86adb508,"43,892.060164205232097716",0.0439,$237.05
887,0xe477BD5A5CFE77f107C24CeB69C11a8fC42F02Eb,"43,801.852764736107413186",0.0438,$236.57
888,0xb0720a6446b47E4D007f5E342564f410A7a30414,"43,733.072629214287509674",0.0437,$236.19
889,0x26EEdE3B4107e2899d9B8D13c9A82e2B8D95b723,"43,487.275242800280640035",0.0435,$234.87
890,0x3701aA497EE8F7a6f93Ee5D536793D5800f8dcfe,"43,192.66832140755183658",0.0432,$233.28
891,0x3f043123198d5C7f1A6C58CD3d96dd6970dBD52B,"43,144.078418938426602783",0.0431,$233.01
892,0xF3807786F2787661aEde6E51992687ef1f92372A,"42,819.902800417422275184",0.0428,$231.26
893,0xaE4164fa01Da3753db2e034feFB89FFd1D6fb008,"42,531.290842560130621985",0.0425,$229.70
894,0xC45D62fed41949B6DBA68221ED5853FAC3D7DEb6,"42,210.537069300470867769",0.0422,$227.97
895,0x5A1f036fA92bdFb089F312Bc76aE9F380fC74886,"42,028.426671762700612488",0.0420,$226.99
896,0x934caA97D4ED3D08d063b33dE90AE9060f4C43d6,"41,995.358336264551446034",0.0420,$226.81
897,0x44aFdA44d5C6619E3056eF3bdFfA65057f252d96,"41,799.400989602319891048",0.0418,$225.75
898,0x96420a2bBe8E17add17246424c83e5ec68F77e33,"41,774.69452372668834035",0.0418,$225.62
899,0x8B07f9ec946DEbb3175B94fddBE232dfac16DD71,"41,758.439459938770359107",0.0418,$225.53
900,0x57063bd024E3DAb17b0C20364C3a04811815Eb9C,"41,683.224391148319578725",0.0417,$225.12
901,0x3edd3dD770e2aBcB4860199FD07B3a68EEe02F6A,"41,662.585529946153026674",0.0417,$225.01
902,0x4a63aa4Cc5766E6Ef3862aAc34b924bFEdC7a8a4,"41,573.1246602195118103",0.0416,$224.53
903,0x2A86f0B08186324Caf008a1B4413c88F683290Fa,"40,834.51460580262452142",0.0408,$220.54
904,0x258b9f3Ff7c7643b94942F6347dE6a7cd27CB76d,"40,708.040981655978202342",0.0407,$219.86
905,0x40dCA397a4fA54a2c9fc1010e4eb9B9230D6bB47,"40,595.156183794242121703",0.0406,$219.25
906,0xA3B9465Dc7aE35F578aE6E23b36Cb77d60AF1A10,"40,161.603136103304772634",0.0402,$216.91
907,0x8D1e46e92dC5B24c09bDf46F9B7D20a8e47cea70,"40,103.62527024515903745",0.0401,$216.59
908,0x4035A969Ee1D37ebbBA87136aCCcEC5df201108c,"40,079.975684888937710042",0.0401,$216.46
909,0x6Fa745baF343F55A97E4c8F09830c5FABf62DB9C,"39,652.270724954834823307",0.0397,$214.15
910,0x5ddEEe6f7E417940230feDF18c9Ae28523173E7C,"39,534.527480132662275654",0.0395,$213.52
911,0xb8159ba378904F803639D274cEc79F788931c9C8,"39,527.015833372561971566",0.0395,$213.48
912,0x332c8340E1268c062380eC828AE6F81855096b51,"39,410.411544122742619004",0.0394,$212.85
913,0x56d6270a2166dc05690686ae868d28bFD452F1c0,"39,407.406330811700207081",0.0394,$212.83
914,0x71ef3Afc231F7c33916352e4083EdEC0464EAA5b,"38,834.428418119205149367",0.0388,$209.74
915,0x26D0FF1F1098E762Cb8D57BE640Caa858Ce8bE9d,"38,834.024668523752438064",0.0388,$209.74
916,0x25EFB0FB979f581C24B79Cc0C2dF7d2540481Ba3,"38,753.23571735980460846",0.0388,$209.30
917,0x53b9Bc8ab929C953e45177b374d35c44fc7e38f1,"38,694.122605058144564085",0.0387,$208.98
918,0x9bEF029ad89bFEc4B33A3E07f0fC9ffE68e76017,"38,643.803991211957790621",0.0386,$208.71
919,0x9699F13d599d3D542aBF55522d65dA4D6df8913c,"38,557.247032285818265593",0.0386,$208.24
920,0x0a49B49E7945b026382B2f64778692271933C14f,"38,184.817897060835072931",0.0382,$206.23
921,0xB91D29E11e8f87Ab6c57Cfc1800d18C618a65BD3,"37,907.637400939918277631",0.0379,$204.73
922,0x30cb5a4BC6c7A536ea593E7973DeE61F005662F5,"37,605.924062150061626317",0.0376,$203.10
923,0xB31Af6E9c6347861E978cD0C35B031983C6E44f5,"37,516.279942286411762174",0.0375,$202.62
924,0x1c49649b61BB34c9D6Cce5BfAEa1da232F75525E,"37,448.347252967079449963",0.0374,$202.25
925,0xEf2D9c80ce59468d662a6E8E85fcFA35118141eF,"37,360.64792734204421326",0.0374,$201.78
926,0x3FC46D94c66EB42B4d412591C7841aFf131a52c3,"37,266.466566103086661631",0.0373,$201.27
927,0x7C8c4874b472dbD35F2BA96DfB9F392445a3BDd1,"37,118.781818545026253192",0.0371,$200.47
928,0x931ea9B635350f9ff0764Ec7c831BFA47283d85d,"37,020.294117691272702157",0.0370,$199.94
929,0xc4da016DA86edDd754472661A69963A4E0718631,"37,012.337879215359767264",0.0370,$199.90
930,0x8631a324B5872d5FEd93f912E030024597D164bc,"36,876.504377586138032433",0.0369,$199.16
931,0xa4104aA5Df9972F11eE48c34ff01DD9C9f5377E6,"36,839.50216585393644994",0.0368,$198.96
932,0x4239408daf6DEb790D1c6E722811A3264c76E653,"36,764.369194816255617338",0.0368,$198.56
933,0x0FaEeced70f449D58219959F977bEFe0C5c19391,"36,459.889154754895017061",0.0365,$196.91
934,0x4f01C8b91C0b6EEef7cd25371Df602C8f5Ec851e,"36,443.24347190606257737",0.0364,$196.82
935,0xaD6E0F5968Fe72A71881b2A2Af3779Ca6Fb39257,"36,363.584958018078300917",0.0364,$196.39
936,0xD119537bE8813CA1c0b8B69FaC430f126d22d3AB,"36,265.358621455063780497",0.0363,$195.86
937,0x866EaF4639c0C11d593f79A2F629D942e0f5D753,"35,913.92751412228783889",0.0359,$193.96
938,0xb54073869c558ef10fb7cA59d87F5D3D8F31fB43,"35,893.695624113255264619",0.0359,$193.86
939,0x46717c8DE7b8EFB3bdf3D0DC2E8530e57f222aEd,"35,764.252487444885201578",0.0358,$193.16
940,0xFcA03842b720c068e2e94f76235C739fb1E3CCA7,"35,688.696716766406984505",0.0357,$192.75
941,0x3cF77519AA3b8291b0ff4dfE88E30117629d2665,"35,646.741345980994541689",0.0356,$192.52
942,0x09a03879c6cC75CFe13C74969B2073A2E3d0233C,"35,534.830313070680843673",0.0355,$191.92
943,0x0B2d75A7B46a0A88a4d70336b253779Bc56D9977,"35,460.25033122527111705",0.0355,$191.51
944,0x4f7A9eC18F2a72269d61F9DDC079e4d5dCf9fD48,"35,390.895451425753424941",0.0354,$191.14
945,0x250E5B95B8cA34Ee821B09A0Fe827B5e8c8A687f,"35,362.345032381402671382",0.0354,$190.99
946,0x7057c960fec731CF1946b12DE0691c0F51e3a59a,"35,237.626862621838985767",0.0352,$190.31
947,0x8F08B35ebD468d17Eb9Fd787dEF1e209a825Aa8b,"35,110.777304370807077571",0.0351,$189.63
948,0x570c4be07D49a439dB3AF15A0904AbcfCDf15071,"35,101.137295019807055192",0.0351,$189.57
949,0xb00F872D69A1D08E6674acea708f78beC910aD87,"35,000.000000000002505494",0.0350,$189.03
950,0x3baA9d0E15543F84703e026566d8Aacc926f2400,"33,976.014082817218855593",0.0340,$183.50
951,0x4509097cFe55941F6d3a185B5a08177031ae6B30,"33,798.269092737486844426",0.0338,$182.54
952,0x9C1a6594A43Fd5003d59020B95c7e497598e4F1E,"33,546.041233588257359326",0.0335,$181.18
953,0xf1D1261b4b0517D4CBcF66E6bb6aDD67784dFe80,"33,275.955083531206061509",0.0333,$179.72
954,0xFD8b21D9dE484d9ed9dde4C5AfFA5e7dEE783A52,"33,176.538550543653774728",0.0332,$179.18
955,0x1d92769ceeB9586879494Be4fbc35feee1cb29ea,"33,037.079894132591817876",0.0330,$178.43
956,0xcB9Eea1bD947F71E7B7EDa195E6B5d915Eca45B9,"33,032.593293968254985553",0.0330,$178.40
957,0x67A6f9f08c34EDe564f1610157A8294994388699,"33,025.402332365910106799",0.0330,$178.36
958,0x9Fbed3EACA90Bc0DAA88469155072D9e4405A687,"32,942.644944644482380335",0.0329,$177.92
959,0xD7b20eCB379b410E816A21610738F2BBe65E8631,"32,506.886574",0.0325,$175.56
960,0xb3DCEE374087A8DE97Ef1768b2195B08eb4257dC,"32,403.43865168",0.0324,$175.01
961,0xFc6e13be4067471636343a2805495C2B2A96E4bD,"32,329.933687811864305998",0.0323,$174.61
962,0x7d9c5BdD55789c2B53f36Fd43f3c60B05B4f7EE2,"32,181.784613535564231168",0.0322,$173.81
963,0xEEaD9BE1bCB7ea7b22b340c20f41106c476f515F,"31,909.691248514465379708",0.0319,$172.34
964,0x5Aced512aDdf07Ceb7B5ea7e7fB3325dECffD8C1,"31,774.80536",0.0318,$171.61
965,0x187e7Fc5c8A1A0D389728BAb436927718D1e91A0,"31,668.54724793643815786",0.0317,$171.04
966,0x6ad99cc1eb2BbE297232D4b563ddc935cf3c7735,"31,603.190389096790802749",0.0316,$170.68
967,0x31cEc1F8D76dbDfc62CFE0d5ba2861A5fBe414D9,"31,326.005042066989602657",0.0313,$169.19
968,0x46D925A04dA6CBA3492E5460e77541C140523079,"31,042.722288026994922787",0.0310,$167.66
969,0xB2ED584F7819bf3c74ba40f6Dc3c0e05aB7daEB5,"30,817.054800922651549199",0.0308,$166.44
970,0xdb94E395B5523b8551d927a1cc1C4d8eb7962988,"30,470.483635597976687579",0.0305,$164.57
971,0xC875203fEaF2392a3779a651489027a03460eaa6,"30,358.901271247305320092",0.0304,$163.96
972,0x5cA88E79f231c6Dd4C98Ce8D61F2d3E4326fDb16,"30,120.87009412591453641",0.0301,$162.68
973,0x2778C62487231D8F7ecE6082DeE00B2295D503d5,"30,101.194268280251868392",0.0301,$162.57
974,0xEfa061e7D9030F4202739eDCc543a9bD9518109c,"30,007.999081732483224929",0.0300,$162.07
975,0x0cC546eE0D65ff940C3457d166Cb7A558c9Cf66a,"30,000.000042503818018543",0.0300,$162.02
976,0xDCEC641560F11Dd4E60CC94a35c9DDcdD73ad1ba,"30,000",0.0300,$162.02
977,0xeB4b11791A1728C575494ff9263AD6Decee5223B,"30,000",0.0300,$162.02
978,0x6e93Ee21aF4fbAC3Ea6e77B5DDB7d7C3c613ad15,"29,337.839724211411572935",0.0293,$158.45
979,0x16bd5B9035177300Cb42E4d152F5E8D83FF1D7F4,"29,335.8788692013031348",0.0293,$158.44
980,0x7C99230396A69C56994CC4820Af59C970B2bA1f7,"29,196.016498736190836253",0.0292,$157.68
981,0x616B093EF983A2874444Ed3938579E9a5F741DEc,"29,170.295144592955120767",0.0292,$157.54
982,0xC2f62F209a1C3625C5BEfcDFB67F23F8E8bAFc4b,"29,169.945284546588410426",0.0292,$157.54
983,0xB202Ab515f4F344FD1e6f88AF733e45bAE75EE3a,"29,155.82938705079758967",0.0292,$157.47
984,0x4Ff1D40fb7B56665bf95D8D8e3A5320dE46709A1,"29,074.06299162890188767",0.0291,$157.02
985,0xb479F2A44F435EcEdC536a680225302aB77054cD,"28,934.692189569095891486",0.0289,$156.27
986,0x2CF0e4a06fe1d84d62ba05E4Ccdc9df8c595e304,"28,930.08106396023873489",0.0289,$156.25
987,0xb10371fE965004bf4D3de7Cb02e53558515F4E3A,"28,707.9744",0.0287,$155.05
988,0xf5c4F3Dc02c3FB9279495a8fEF7B0741da956157,"28,632.339042365624437493",0.0286,$154.64
989,0xA50a46bBa5e2799db7B4A14c3F38Efb618A25BD3,"28,587.764426114313153361",0.0286,$154.40
990,0x01902513AaF21bd0894E0E82e64Bba55e2f2AC17,"28,405.383709073856366311",0.0284,$153.41
991,0x450103DF5Bb7F0F3905e4DcEfFEC650a69468e8A,"28,326.644117289755221351",0.0283,$152.99
992,0x036a95752Ed346204e641b716C63b6661d5e3A4C,"28,312.457879655312474646",0.0283,$152.91
993,0xD80f97E3BFaDc1efa79a5FCbC2B5460B12cb4041,"28,082.126817637665670036",0.0281,$151.67
994,0x8D74a3495F66faB66d589d6BE7939a69fa3Dc5c4,"27,471.75644771851771032",0.0275,$148.37
995,0xaE7cC34f6aAF56aB8c11B6E39a2360F1dbee50A4,"27,224.407443849554765098",0.0272,$147.03
996,0xbc286e03A8439f7D45d51c9b5c04b2602B43af07,"27,161.875193226295377211",0.0272,$146.70
997,0x7e94d9E9fF922ECA6a7a44e6a782eD4A20e91858,"27,050.009277949488406609",0.0271,$146.09
998,0xcCe894DB93233588e0Ba727617A025bd7d9b4253,"26,868.351302738261709756",0.0269,$145.11
999,0x957Fc2B67E73B271bcC9ce40eC23bA60facE8f51,"26,763.683863452113635546",0.0268,$144.55
